Player,rush_TD,rec_TD,KR_TD,PR_TD,def_TD,XPM,FG < 20,20-29,30-39,40-49,50+,Points,Rank
"Turkleton, T.",0.0,0.0,0.0,0.0,0.0,496.0,11.0,76.0,104.0,76.0,15.0,1342.0,1.0
"Dasistwirklichseinnachname, A.",0.0,0.0,0.0,0.0,0.0,399.0,11.0,85.0,96.0,67.0,13.0,1215.0,2.0
"Fulture, K.",0.0,0.0,0.0,0.0,0.0,378.0,13.0,74.0,88.0,61.0,12.0,1122.0,3.0
"Jackson, D.",0.0,0.0,0.0,0.0,0.0,388.0,10.0,70.0,77.0,77.0,8.0,1114.0,4.0
"Crisco, A.",0.0,0.0,0.0,0.0,0.0,325.0,10.0,58.0,89.0,68.0,8.0,1024.0,5.0
"Forfeit, N.",0.0,0.0,0.0,0.0,0.0,365.0,11.0,62.0,77.0,54.0,8.0,1001.0,6.0
"Donaldson, N.",0.0,0.0,0.0,0.0,0.0,334.0,12.0,67.0,73.0,62.0,6.0,994.0,7.0
"Taylor, O.",123.0,23.0,0.0,0.0,0.0,0.0,0.0,0.0,0.0,0.0,0.0,876.0,8.0
"Blewitt, I.",0.0,0.0,0.0,0.0,0.0,266.0,11.0,57.0,58.0,59.0,17.0,872.0,9.0
"Madlad, B.",0.0,0.0,0.0,0.0,0.0,321.0,9.0,48.0,65.0,42.0,7.0,834.0,10.0
"Harris, S.",0.0,0.0,0.0,0.0,0.0,255.0,15.0,50.0,57.0,55.0,10.0,816.0,12.0
"Smallwood, D.",105.0,31.0,0.0,0.0,0.0,0.0,0.0,0.0,0.0,0.0,0.0,816.0,12.0
"Brown, M.",104.0,21.0,2.0,0.0,2.0,0.0,0.0,0.0,0.0,0.0,0.0,774.0,13.0
"Brand, F.",0.0,0.0,0.0,0.0,0.0,243.0,13.0,46.0,50.0,46.0,9.0,735.0,14.0
"Leg, P.",0.0,0.0,0.0,0.0,0.0,241.0,10.0,42.0,57.0,48.0,5.0,727.0,15.0
"Willie, T.",0.0,118.0,3.0,0.0,0.0,0.0,0.0,0.0,0.0,0.0,0.0,726.0,16.0
"Frost, A.",0.0,0.0,0.0,0.0,0.0,277.0,9.0,35.0,63.0,39.0,3.0,724.0,17.0
"Westfield, B.",0.0,109.0,2.0,6.0,0.0,0.0,0.0,0.0,0.0,0.0,0.0,702.0,18.0
"Prohaska, H.",0.0,0.0,0.0,0.0,0.0,205.0,9.0,36.0,50.0,53.0,8.0,673.0,19.0
"Meoff, B.",0.0,0.0,0.0,0.0,0.0,187.0,8.0,32.0,56.0,37.0,6.0,604.0,20.0
"Mackworthy, R.",81.0,14.0,2.0,3.0,0.0,0.0,0.0,0.0,0.0,0.0,0.0,600.0,21.0
"Maddox, E.",0.0,92.0,2.0,1.0,0.0,0.0,0.0,0.0,0.0,0.0,0.0,570.0,23.0
"Gump, F.",68.0,21.0,1.0,5.0,0.0,0.0,0.0,0.0,0.0,0.0,0.0,570.0,23.0
"Yates, J.",41.0,51.0,0.0,0.0,0.0,0.0,0.0,0.0,0.0,0.0,0.0,552.0,24.0
"LeClair, A.",0.0,89.0,1.0,0.0,0.0,0.0,0.0,0.0,0.0,0.0,0.0,540.0,26.0
"Canton, J.",48.0,35.0,1.0,0.0,6.0,0.0,0.0,0.0,0.0,0.0,0.0,540.0,26.0
"Garden, J.",0.0,84.0,2.0,3.0,0.0,0.0,0.0,0.0,0.0,0.0,0.0,534.0,27.0
"McCormick, M.",12.0,0.0,0.0,0.0,0.0,134.0,6.0,24.0,31.0,38.0,7.0,524.0,28.0
"Mendonca, M.",63.0,22.0,2.0,0.0,0.0,0.0,0.0,0.0,0.0,0.0,0.0,522.0,29.0
"Torenson, S.",78.0,6.0,0.0,0.0,0.0,0.0,0.0,0.0,0.0,0.0,0.0,504.0,30.0
"Powers, V.",0.0,0.0,0.0,0.0,0.0,144.0,5.0,33.0,43.0,31.0,6.0,498.0,31.0
"Banana, S.",0.0,0.0,0.0,0.0,0.0,161.0,11.0,30.0,37.0,29.0,4.0,494.0,32.0
"Valentine, V.",0.0,75.0,1.0,6.0,0.0,0.0,0.0,0.0,0.0,0.0,0.0,492.0,33.0
"Anderson, A.",0.0,0.0,0.0,0.0,0.0,201.0,4.0,23.0,35.0,28.0,4.0,483.0,34.0
"Smalls, D.",0.0,0.0,0.0,0.0,0.0,163.0,6.0,40.0,27.0,26.0,5.0,475.0,35.0
"Owens, A.",51.0,25.0,2.0,1.0,0.0,0.0,0.0,0.0,0.0,0.0,0.0,474.0,36.0
"Oles, K.",0.0,71.0,1.0,6.0,0.0,0.0,0.0,0.0,0.0,0.0,0.0,468.0,37.0
"Jay-Jaymison, J.",0.0,0.0,0.0,0.0,0.0,129.0,4.0,27.0,42.0,33.0,4.0,459.0,38.0
"North, F.",0.0,75.0,1.0,0.0,0.0,0.0,0.0,0.0,0.0,0.0,0.0,456.0,40.0
"Reed, A.",65.0,10.0,1.0,0.0,0.0,0.0,0.0,0.0,0.0,0.0,0.0,456.0,40.0
"Bishop, J.",0.0,72.0,3.0,0.0,0.0,0.0,0.0,0.0,0.0,0.0,0.0,450.0,41.0
"Adams, R.",38.0,36.0,0.0,0.0,0.0,0.0,0.0,0.0,0.0,0.0,0.0,444.0,42.0
"DiMirio, P.",1.0,72.0,0.0,0.0,0.0,0.0,0.0,0.0,0.0,0.0,0.0,438.0,44.0
"Shady, S.",60.0,13.0,0.0,0.0,0.0,0.0,0.0,0.0,0.0,0.0,0.0,438.0,44.0
"Hanyadi, M.",54.0,17.0,0.0,1.0,0.0,0.0,0.0,0.0,0.0,0.0,0.0,432.0,45.0
"Corbett, K.",0.0,0.0,0.0,0.0,0.0,155.0,5.0,27.0,31.0,25.0,2.0,425.0,46.0
"Crush, C.",0.0,70.0,0.0,0.0,0.0,0.0,0.0,0.0,0.0,0.0,0.0,420.0,47.0
"Browning, B.",0.0,67.0,1.0,1.0,0.0,0.0,0.0,0.0,0.0,0.0,0.0,414.0,48.0
"Kennedy, E.",15.0,52.0,1.0,0.0,0.0,0.0,0.0,0.0,0.0,0.0,0.0,408.0,49.0
"Harris Jr, S.",0.0,0.0,0.0,0.0,0.0,138.0,4.0,30.0,23.0,30.0,2.0,405.0,51.0
"Kicksit, B.",0.0,0.0,0.0,0.0,0.0,111.0,5.0,23.0,31.0,32.0,7.0,405.0,51.0
"Cook, B.",0.0,61.0,5.0,1.0,0.0,0.0,0.0,0.0,0.0,0.0,0.0,402.0,53.0
"Swift, N.",0.0,67.0,0.0,0.0,0.0,0.0,0.0,0.0,0.0,0.0,0.0,402.0,53.0
"Ronaldo, C.",0.0,0.0,0.0,0.0,0.0,129.0,4.0,28.0,32.0,22.0,2.0,393.0,54.0
"Donut, S.",0.0,61.0,3.0,0.0,0.0,0.0,0.0,0.0,0.0,0.0,0.0,384.0,56.0
"Sunnycursed, N.",0.0,61.0,2.0,1.0,0.0,0.0,0.0,0.0,0.0,0.0,0.0,384.0,56.0
"Bobby, K.",0.0,0.0,0.0,0.0,0.0,123.0,3.0,24.0,31.0,26.0,1.0,378.0,57.0
"Law, C.",0.0,62.0,0.0,0.0,0.0,0.0,0.0,0.0,0.0,0.0,0.0,372.0,58.0
"Kroetch, D.",41.0,17.0,2.0,0.0,0.0,0.0,0.0,0.0,0.0,0.0,0.0,360.0,61.0
"Varga, N.",0.0,60.0,0.0,0.0,0.0,0.0,0.0,0.0,0.0,0.0,0.0,360.0,61.0
"Miller, H.",0.0,54.0,4.0,1.0,1.0,0.0,0.0,0.0,0.0,0.0,0.0,360.0,61.0
"von Matt, J.",0.0,58.0,1.0,0.0,0.0,0.0,0.0,0.0,0.0,0.0,0.0,354.0,65.0
"Toriki, M.",44.0,15.0,0.0,0.0,0.0,0.0,0.0,0.0,0.0,0.0,0.0,354.0,65.0
"Danielsson, A.",56.0,2.0,1.0,0.0,0.0,0.0,0.0,0.0,0.0,0.0,0.0,354.0,65.0
"Phelps, R.",0.0,58.0,1.0,0.0,0.0,0.0,0.0,0.0,0.0,0.0,0.0,354.0,65.0
"Jackson, M.",0.0,54.0,4.0,0.0,0.0,0.0,0.0,0.0,0.0,0.0,0.0,348.0,69.0
"Bush, C.",6.0,52.0,0.0,0.0,0.0,0.0,0.0,0.0,0.0,0.0,0.0,348.0,69.0
"L'Alto, V.",1.0,57.0,0.0,0.0,0.0,0.0,0.0,0.0,0.0,0.0,0.0,348.0,69.0
"Fyodorovich, V.",0.0,53.0,2.0,3.0,0.0,0.0,0.0,0.0,0.0,0.0,0.0,348.0,69.0
"Weston, S.",0.0,50.0,2.0,5.0,0.0,0.0,0.0,0.0,0.0,0.0,0.0,342.0,70.0
"Flash, X.",0.0,55.0,0.0,1.0,0.0,0.0,0.0,0.0,0.0,0.0,0.0,336.0,71.0
"Evans, D.",0.0,54.0,0.0,1.0,0.0,0.0,0.0,0.0,0.0,0.0,0.0,330.0,72.0
"Tidwell, R.",0.0,53.0,0.0,0.0,0.0,0.0,0.0,0.0,0.0,0.0,0.0,318.0,73.0
"Bigby, L.",43.0,9.0,0.0,0.0,0.0,0.0,0.0,0.0,0.0,0.0,0.0,312.0,76.0
"Squanch, V.",0.0,52.0,0.0,0.0,0.0,0.0,0.0,0.0,0.0,0.0,0.0,312.0,76.0
"Burnsman, E.",46.0,6.0,0.0,0.0,0.0,0.0,0.0,0.0,0.0,0.0,0.0,312.0,76.0
"McDairmid, M.",0.0,0.0,0.0,0.0,0.0,103.0,3.0,14.0,28.0,21.0,2.0,307.0,77.0
"Parker, J.",0.0,51.0,0.0,0.0,0.0,0.0,0.0,0.0,0.0,0.0,0.0,306.0,79.0
"Savea, A.",40.0,11.0,0.0,0.0,0.0,0.0,0.0,0.0,0.0,0.0,0.0,306.0,79.0
"Swift, T.",24.0,26.0,0.0,0.0,0.0,0.0,0.0,0.0,0.0,0.0,0.0,300.0,82.0
"Grau, M.",26.0,23.0,1.0,0.0,0.0,0.0,0.0,0.0,0.0,0.0,0.0,300.0,82.0
"Wizardry, D.",39.0,10.0,0.0,1.0,0.0,0.0,0.0,0.0,0.0,0.0,0.0,300.0,82.0
"Booter, A.",0.0,0.0,0.0,0.0,0.0,81.0,6.0,21.0,17.0,24.0,3.0,294.0,84.0
"Chess, C.",0.0,49.0,0.0,0.0,0.0,0.0,0.0,0.0,0.0,0.0,0.0,294.0,84.0
"Lombardi, J.",0.0,0.0,0.0,0.0,0.0,93.0,4.0,24.0,20.0,15.0,2.0,288.0,86.0
"Rainey, R.",48.0,0.0,0.0,0.0,0.0,0.0,0.0,0.0,0.0,0.0,0.0,288.0,86.0
"Helanen, T.",0.0,47.0,0.0,0.0,0.0,0.0,0.0,0.0,0.0,0.0,0.0,282.0,87.0
"Sidekick, S.",0.0,0.0,0.0,0.0,0.0,64.0,3.0,15.0,26.0,24.0,4.0,280.0,88.0
"Espinosa, D.",0.0,0.0,0.0,0.0,0.0,89.0,4.0,20.0,16.0,22.0,1.0,278.0,89.0
"Blaze, J.",0.0,46.0,0.0,0.0,0.0,0.0,0.0,0.0,0.0,0.0,0.0,276.0,91.0
"Zephyrous, S.",29.0,17.0,0.0,0.0,0.0,0.0,0.0,0.0,0.0,0.0,0.0,276.0,91.0
"Marshall, M.",38.0,6.0,0.0,0.0,0.0,0.0,0.0,0.0,0.0,0.0,0.0,264.0,93.0
"Stormblessed, N.",0.0,42.0,2.0,0.0,0.0,0.0,0.0,0.0,0.0,0.0,0.0,264.0,93.0
"Nuck, B.",35.0,8.0,0.0,0.0,0.0,0.0,0.0,0.0,0.0,0.0,0.0,258.0,94.0
"Small, J.",0.0,0.0,0.0,0.0,0.0,83.0,4.0,14.0,20.0,19.0,0.0,254.0,95.0
"Atwell, T.",0.0,42.0,0.0,0.0,0.0,0.0,0.0,0.0,0.0,0.0,0.0,252.0,97.0
"Mongo, H.",0.0,42.0,0.0,0.0,0.0,0.0,0.0,0.0,0.0,0.0,0.0,252.0,97.0
"Ruff, R.",37.0,4.0,0.0,0.0,0.0,0.0,0.0,0.0,0.0,0.0,0.0,246.0,98.0
"O'Leary, S.",0.0,39.0,0.0,0.0,0.0,0.0,0.0,0.0,0.0,0.0,0.0,234.0,99.0
"Cansino, D.",32.0,6.0,0.0,0.0,0.0,0.0,0.0,0.0,0.0,0.0,0.0,228.0,100.0
"Lawes, S.",0.0,0.0,0.0,0.0,0.0,76.0,2.0,9.0,25.0,11.0,2.0,223.0,101.0
"Orosz, C.",32.0,5.0,0.0,0.0,0.0,0.0,0.0,0.0,0.0,0.0,0.0,222.0,104.0
"Lavelle, D.",0.0,12.0,5.0,10.0,10.0,0.0,0.0,0.0,0.0,0.0,0.0,222.0,104.0
"Armstrong, F.",37.0,0.0,0.0,0.0,0.0,0.0,0.0,0.0,0.0,0.0,0.0,222.0,104.0
"Williams, D.",28.0,7.0,0.0,1.0,0.0,0.0,0.0,0.0,0.0,0.0,0.0,216.0,105.0
"Akselsen, M.",35.0,0.0,0.0,0.0,0.0,0.0,0.0,0.0,0.0,0.0,0.0,210.0,108.0
"Wright, O.",28.0,6.0,0.0,1.0,0.0,0.0,0.0,0.0,0.0,0.0,0.0,210.0,108.0
"Hank, F.",22.0,13.0,0.0,0.0,0.0,0.0,0.0,0.0,0.0,0.0,0.0,210.0,108.0
"Jackson, A.",0.0,34.0,0.0,0.0,0.0,0.0,0.0,0.0,0.0,0.0,0.0,204.0,113.0
"Thomas-Fox, D.",0.0,33.0,1.0,0.0,0.0,0.0,0.0,0.0,0.0,0.0,0.0,204.0,113.0
"Anoa'i, D.",0.0,34.0,0.0,0.0,0.0,0.0,0.0,0.0,0.0,0.0,0.0,204.0,113.0
"Gordon, R.",0.0,32.0,2.0,0.0,0.0,0.0,0.0,0.0,0.0,0.0,0.0,204.0,113.0
"Wachter, J.",0.0,33.0,1.0,0.0,0.0,0.0,0.0,0.0,0.0,0.0,0.0,204.0,113.0
"Jones, B.",0.0,33.0,0.0,0.0,0.0,0.0,0.0,0.0,0.0,0.0,0.0,198.0,115.0
"Banks II, D.",7.0,26.0,0.0,0.0,0.0,0.0,0.0,0.0,0.0,0.0,0.0,198.0,115.0
"Louis, L.",0.0,0.0,0.0,0.0,0.0,65.0,2.0,13.0,12.0,14.0,2.0,194.0,116.0
"Harp, D.",0.0,32.0,0.0,0.0,0.0,0.0,0.0,0.0,0.0,0.0,0.0,192.0,121.0
"Jenkins, L.",17.0,15.0,0.0,0.0,0.0,0.0,0.0,0.0,0.0,0.0,0.0,192.0,121.0
"Espeeyeeseetee, A.",0.0,29.0,3.0,0.0,0.0,0.0,0.0,0.0,0.0,0.0,0.0,192.0,121.0
"Aaron, D.",0.0,32.0,0.0,0.0,0.0,0.0,0.0,0.0,0.0,0.0,0.0,192.0,121.0
"Nakamura, T.",29.0,3.0,0.0,0.0,0.0,0.0,0.0,0.0,0.0,0.0,0.0,192.0,121.0
"Gaines, N.",0.0,30.0,1.0,0.0,0.0,0.0,0.0,0.0,0.0,0.0,0.0,186.0,124.0
"Justice, T.",0.0,31.0,0.0,0.0,0.0,0.0,0.0,0.0,0.0,0.0,0.0,186.0,124.0
"Gore, B.",28.0,3.0,0.0,0.0,0.0,0.0,0.0,0.0,0.0,0.0,0.0,186.0,124.0
"Skyline, A.",27.0,3.0,0.0,0.0,0.0,0.0,0.0,0.0,0.0,0.0,0.0,180.0,126.0
"Tweed, B.",23.0,3.0,2.0,1.0,1.0,0.0,0.0,0.0,0.0,0.0,0.0,180.0,126.0
"Pennington, B.",3.0,26.0,0.0,0.0,0.0,0.0,0.0,0.0,0.0,0.0,0.0,174.0,131.0
"Rodriguez, B.",0.0,29.0,0.0,0.0,0.0,0.0,0.0,0.0,0.0,0.0,0.0,174.0,131.0
"Taffy, T.",21.0,8.0,0.0,0.0,0.0,0.0,0.0,0.0,0.0,0.0,0.0,174.0,131.0
"McCormick, A.",0.0,29.0,0.0,0.0,0.0,0.0,0.0,0.0,0.0,0.0,0.0,174.0,131.0
"Tyerucker, Q.",27.0,2.0,0.0,0.0,0.0,0.0,0.0,0.0,0.0,0.0,0.0,174.0,131.0
"Frost, B.",0.0,0.0,0.0,0.0,0.0,59.0,2.0,11.0,13.0,11.0,0.0,170.0,132.0
"Landers, B.",0.0,28.0,0.0,0.0,0.0,0.0,0.0,0.0,0.0,0.0,0.0,168.0,139.0
"Olsen, C.",0.0,28.0,0.0,0.0,0.0,0.0,0.0,0.0,0.0,0.0,0.0,168.0,139.0
"Crindy, B.",0.0,28.0,0.0,0.0,0.0,0.0,0.0,0.0,0.0,0.0,0.0,168.0,139.0
"Drake, O.",23.0,5.0,0.0,0.0,0.0,0.0,0.0,0.0,0.0,0.0,0.0,168.0,139.0
"Irving, J.",0.0,28.0,0.0,0.0,0.0,0.0,0.0,0.0,0.0,0.0,0.0,168.0,139.0
"Jones, V.",12.0,16.0,0.0,0.0,0.0,0.0,0.0,0.0,0.0,0.0,0.0,168.0,139.0
"Yoda, B.",24.0,4.0,0.0,0.0,0.0,0.0,0.0,0.0,0.0,0.0,0.0,168.0,139.0
"Carrasco, T.",27.0,0.0,0.0,0.0,0.0,0.0,0.0,0.0,0.0,0.0,0.0,162.0,144.0
"McDummy, W.",27.0,0.0,0.0,0.0,0.0,0.0,0.0,0.0,0.0,0.0,0.0,162.0,144.0
"Farlane, D.",27.0,0.0,0.0,0.0,0.0,0.0,0.0,0.0,0.0,0.0,0.0,162.0,144.0
"Podolak, J.",0.0,27.0,0.0,0.0,0.0,0.0,0.0,0.0,0.0,0.0,0.0,162.0,144.0
"Hendrix, K.",0.0,26.0,1.0,0.0,0.0,0.0,0.0,0.0,0.0,0.0,0.0,162.0,144.0
"Quinn, A.",0.0,25.0,0.0,0.0,1.0,0.0,0.0,0.0,0.0,0.0,0.0,156.0,147.0
"Dotson, F.",22.0,4.0,0.0,0.0,0.0,0.0,0.0,0.0,0.0,0.0,0.0,156.0,147.0
"Diaz, D.",23.0,3.0,0.0,0.0,0.0,0.0,0.0,0.0,0.0,0.0,0.0,156.0,147.0
"Laces, K.",0.0,0.0,0.0,0.0,0.0,36.0,4.0,8.0,10.0,16.0,0.0,150.0,151.0
"Kane-Maika'i, K.",19.0,4.0,0.0,2.0,0.0,0.0,0.0,0.0,0.0,0.0,0.0,150.0,151.0
"Vuxta, R.",0.0,25.0,0.0,0.0,0.0,0.0,0.0,0.0,0.0,0.0,0.0,150.0,151.0
"Vincent, M.",17.0,8.0,0.0,0.0,0.0,0.0,0.0,0.0,0.0,0.0,0.0,150.0,151.0
"Lim, W.",0.0,24.0,0.0,0.0,0.0,0.0,0.0,0.0,0.0,0.0,0.0,144.0,157.0
"Hasselhoff, F.",0.0,24.0,0.0,0.0,0.0,0.0,0.0,0.0,0.0,0.0,0.0,144.0,157.0
"West, D.",0.0,23.0,0.0,1.0,0.0,0.0,0.0,0.0,0.0,0.0,0.0,144.0,157.0
"Lackson, J.",23.0,1.0,0.0,0.0,0.0,0.0,0.0,0.0,0.0,0.0,0.0,144.0,157.0
"McPoyal, G.",0.0,24.0,0.0,0.0,0.0,0.0,0.0,0.0,0.0,0.0,0.0,144.0,157.0
"Hardwick, S.",0.0,24.0,0.0,0.0,0.0,0.0,0.0,0.0,0.0,0.0,0.0,144.0,157.0
"Summer, A.",15.0,7.0,1.0,0.0,0.0,0.0,0.0,0.0,0.0,0.0,0.0,138.0,159.0
"Trunks, F.",0.0,22.0,1.0,0.0,0.0,0.0,0.0,0.0,0.0,0.0,0.0,138.0,159.0
"Sims, A.",0.0,0.0,0.0,0.0,0.0,55.0,1.0,4.0,14.0,5.0,2.0,133.0,160.0
"Law, D.",0.0,22.0,0.0,0.0,0.0,0.0,0.0,0.0,0.0,0.0,0.0,132.0,162.0
"Leaf Jr., R.",11.0,8.0,3.0,0.0,0.0,0.0,0.0,0.0,0.0,0.0,0.0,132.0,162.0
"Cardrissian, R.",19.0,2.0,0.0,0.0,0.0,0.0,0.0,0.0,0.0,0.0,0.0,126.0,165.0
"Christ, J.",21.0,0.0,0.0,0.0,0.0,0.0,0.0,0.0,0.0,0.0,0.0,126.0,165.0
"Clay, J.",0.0,21.0,0.0,0.0,0.0,0.0,0.0,0.0,0.0,0.0,0.0,126.0,165.0
"Walsh, B.",0.0,0.0,0.0,0.0,0.0,37.0,4.0,7.0,7.0,11.0,0.0,124.0,167.0
"Hunt, K.",0.0,0.0,0.0,0.0,0.0,34.0,5.0,5.0,7.0,9.0,4.0,124.0,167.0
"Boija, F.",18.0,2.0,0.0,0.0,0.0,0.0,0.0,0.0,0.0,0.0,0.0,120.0,170.0
"Forty-Two, L.",0.0,20.0,0.0,0.0,0.0,0.0,0.0,0.0,0.0,0.0,0.0,120.0,170.0
"Durden, J.",14.0,6.0,0.0,0.0,0.0,0.0,0.0,0.0,0.0,0.0,0.0,120.0,170.0
"Brannigan, Z.",0.0,19.0,0.0,0.0,0.0,0.0,0.0,0.0,0.0,0.0,0.0,114.0,172.0
"Phillips, J.",0.0,19.0,0.0,0.0,0.0,0.0,0.0,0.0,0.0,0.0,0.0,114.0,172.0
"Nugent, A.",0.0,0.0,0.0,0.0,0.0,36.0,2.0,7.0,9.0,6.0,1.0,111.0,173.0
"Nagasawa, Y.",0.0,18.0,0.0,0.0,0.0,0.0,0.0,0.0,0.0,0.0,0.0,108.0,177.0
"Bur'Berry, J.",0.0,18.0,0.0,0.0,0.0,0.0,0.0,0.0,0.0,0.0,0.0,108.0,177.0
"Maximus III, B.",18.0,0.0,0.0,0.0,0.0,0.0,0.0,0.0,0.0,0.0,0.0,108.0,177.0
"Booter, F.",0.0,18.0,0.0,0.0,0.0,0.0,0.0,0.0,0.0,0.0,0.0,108.0,177.0
"Trevor, C.",16.0,1.0,0.0,0.0,0.0,0.0,0.0,0.0,0.0,0.0,0.0,102.0,185.0
"Ayers, N.",12.0,5.0,0.0,0.0,0.0,0.0,0.0,0.0,0.0,0.0,0.0,102.0,185.0
"Morris, D.",0.0,10.0,2.0,1.0,4.0,0.0,0.0,0.0,0.0,0.0,0.0,102.0,185.0
"Barker, E.",0.0,17.0,0.0,0.0,0.0,0.0,0.0,0.0,0.0,0.0,0.0,102.0,185.0
"Sauce, E.",0.0,17.0,0.0,0.0,0.0,0.0,0.0,0.0,0.0,0.0,0.0,102.0,185.0
"Christmas, C.",0.0,17.0,0.0,0.0,0.0,0.0,0.0,0.0,0.0,0.0,0.0,102.0,185.0
"Frost, D.",14.0,2.0,1.0,0.0,0.0,0.0,0.0,0.0,0.0,0.0,0.0,102.0,185.0
"O'Connell, K.",16.0,1.0,0.0,0.0,0.0,0.0,0.0,0.0,0.0,0.0,0.0,102.0,185.0
"Jackson, J.",0.0,0.0,0.0,0.0,0.0,33.0,1.0,7.0,9.0,4.0,1.0,99.0,186.0
"PhastBawl, D.",0.0,0.0,0.0,0.0,0.0,35.0,0.0,6.0,7.0,7.0,1.0,98.0,187.0
"Pitcher, A.",2.0,14.0,0.0,0.0,0.0,0.0,0.0,0.0,0.0,0.0,0.0,96.0,191.0
"Jeeta, E.",0.0,16.0,0.0,0.0,0.0,0.0,0.0,0.0,0.0,0.0,0.0,96.0,191.0
"Passmann, T.",0.0,16.0,0.0,0.0,0.0,0.0,0.0,0.0,0.0,0.0,0.0,96.0,191.0
"Kaepercolin, N.",1.0,15.0,0.0,0.0,0.0,0.0,0.0,0.0,0.0,0.0,0.0,96.0,191.0
"Batoff, R.",0.0,15.0,0.0,0.0,0.0,0.0,0.0,0.0,0.0,0.0,0.0,90.0,196.0
"O'Sullivan, S.",0.0,15.0,0.0,0.0,0.0,0.0,0.0,0.0,0.0,0.0,0.0,90.0,196.0
"Jarden, G.",0.0,15.0,0.0,0.0,0.0,0.0,0.0,0.0,0.0,0.0,0.0,90.0,196.0
"Murphy, J.",7.0,7.0,0.0,0.0,1.0,0.0,0.0,0.0,0.0,0.0,0.0,90.0,196.0
"Harris Jr., F.",0.0,13.0,0.0,0.0,2.0,0.0,0.0,0.0,0.0,0.0,0.0,90.0,196.0
"Clutch, C.",0.0,0.0,0.0,0.0,0.0,44.0,1.0,8.0,4.0,2.0,0.0,89.0,197.0
"Gooney, W.",0.0,0.0,0.0,0.0,0.0,22.0,2.0,3.0,5.0,11.0,1.0,88.0,199.0
"Castleberry, R.",0.0,0.0,0.0,0.0,0.0,34.0,0.0,7.0,5.0,6.0,0.0,88.0,199.0
"Frost, K.",0.0,0.0,0.0,0.0,0.0,49.0,2.0,5.0,1.0,3.0,1.0,85.0,200.0
"Cue, J.",14.0,0.0,0.0,0.0,0.0,0.0,0.0,0.0,0.0,0.0,0.0,84.0,208.0
"Hardagain, W.",0.0,14.0,0.0,0.0,0.0,0.0,0.0,0.0,0.0,0.0,0.0,84.0,208.0
"Chan, R.",8.0,5.0,0.0,1.0,0.0,0.0,0.0,0.0,0.0,0.0,0.0,84.0,208.0
"Jones, K.",13.0,1.0,0.0,0.0,0.0,0.0,0.0,0.0,0.0,0.0,0.0,84.0,208.0
"Halvorsen, T.",0.0,14.0,0.0,0.0,0.0,0.0,0.0,0.0,0.0,0.0,0.0,84.0,208.0
"Larson, P.",0.0,14.0,0.0,0.0,0.0,0.0,0.0,0.0,0.0,0.0,0.0,84.0,208.0
"Bly Jr., A.",0.0,0.0,4.0,2.0,8.0,0.0,0.0,0.0,0.0,0.0,0.0,84.0,208.0
"Tirtawidjaja, J.",13.0,1.0,0.0,0.0,0.0,0.0,0.0,0.0,0.0,0.0,0.0,84.0,208.0
"Langdon, J.",0.0,0.0,0.0,0.0,0.0,19.0,1.0,8.0,5.0,7.0,0.0,82.0,209.0
"Jones II, J.",0.0,0.0,0.0,0.0,0.0,23.0,2.0,6.0,6.0,5.0,0.0,80.0,210.0
"Wheat, B.",0.0,13.0,0.0,0.0,0.0,0.0,0.0,0.0,0.0,0.0,0.0,78.0,217.0
"Gilbert, R.",7.0,6.0,0.0,0.0,0.0,0.0,0.0,0.0,0.0,0.0,0.0,78.0,217.0
"Broxton, J.",1.0,5.0,2.0,1.0,4.0,0.0,0.0,0.0,0.0,0.0,0.0,78.0,217.0
"Witheblock, M.",0.0,13.0,0.0,0.0,0.0,0.0,0.0,0.0,0.0,0.0,0.0,78.0,217.0
"Francisco, S.",8.0,5.0,0.0,0.0,0.0,0.0,0.0,0.0,0.0,0.0,0.0,78.0,217.0
"Bottles, B.",0.0,13.0,0.0,0.0,0.0,0.0,0.0,0.0,0.0,0.0,0.0,78.0,217.0
"Ramero, E.",0.0,0.0,0.0,0.0,0.0,27.0,1.0,6.0,8.0,2.0,0.0,78.0,217.0
"Wright, D.",7.0,5.0,0.0,0.0,0.0,0.0,0.0,0.0,0.0,0.0,0.0,72.0,223.0
"Panda, F.",0.0,11.0,0.0,1.0,0.0,0.0,0.0,0.0,0.0,0.0,0.0,72.0,223.0
"Asipi III, A.",4.0,3.0,0.0,0.0,5.0,0.0,0.0,0.0,0.0,0.0,0.0,72.0,223.0
"Kross, C.",0.0,12.0,0.0,0.0,0.0,0.0,0.0,0.0,0.0,0.0,0.0,72.0,223.0
"Blocksdale Jr., A.",0.0,12.0,0.0,0.0,0.0,0.0,0.0,0.0,0.0,0.0,0.0,72.0,223.0
"Tuck, J.",8.0,4.0,0.0,0.0,0.0,0.0,0.0,0.0,0.0,0.0,0.0,72.0,223.0
"Delacour, A.",0.0,0.0,1.0,4.0,6.0,0.0,0.0,0.0,0.0,0.0,0.0,66.0,230.0
"Angler, J.",0.0,11.0,0.0,0.0,0.0,0.0,0.0,0.0,0.0,0.0,0.0,66.0,230.0
"Garnett, L.",0.0,0.0,5.0,0.0,6.0,0.0,0.0,0.0,0.0,0.0,0.0,66.0,230.0
"Alexander, W.",0.0,11.0,0.0,0.0,0.0,0.0,0.0,0.0,0.0,0.0,0.0,66.0,230.0
"Cole, E.",11.0,0.0,0.0,0.0,0.0,0.0,0.0,0.0,0.0,0.0,0.0,66.0,230.0
"Novel, L.",6.0,1.0,2.0,0.0,2.0,0.0,0.0,0.0,0.0,0.0,0.0,66.0,230.0
"Hayden, A.",0.0,2.0,3.0,2.0,4.0,0.0,0.0,0.0,0.0,0.0,0.0,66.0,230.0
"Storm, B.",0.0,10.0,0.0,0.0,0.0,0.0,0.0,0.0,0.0,0.0,0.0,60.0,240.0
"Sarvepally, S.",10.0,0.0,0.0,0.0,0.0,0.0,0.0,0.0,0.0,0.0,0.0,60.0,240.0
"Hood, T.",0.0,10.0,0.0,0.0,0.0,0.0,0.0,0.0,0.0,0.0,0.0,60.0,240.0
"Jefferson, L.",0.0,6.0,1.0,0.0,3.0,0.0,0.0,0.0,0.0,0.0,0.0,60.0,240.0
"Strike, L.",10.0,0.0,0.0,0.0,0.0,0.0,0.0,0.0,0.0,0.0,0.0,60.0,240.0
"Moore, S.",0.0,10.0,0.0,0.0,0.0,0.0,0.0,0.0,0.0,0.0,0.0,60.0,240.0
"Cobb, K.",5.0,5.0,0.0,0.0,0.0,0.0,0.0,0.0,0.0,0.0,0.0,60.0,240.0
"Oakes, B.",0.0,2.0,1.0,1.0,6.0,0.0,0.0,0.0,0.0,0.0,0.0,60.0,240.0
"Back, R.",9.0,1.0,0.0,0.0,0.0,0.0,0.0,0.0,0.0,0.0,0.0,60.0,240.0
"Reigns, J.",0.0,10.0,0.0,0.0,0.0,0.0,0.0,0.0,0.0,0.0,0.0,60.0,240.0
"Spector, M.",0.0,2.0,1.0,0.0,6.0,0.0,0.0,0.0,0.0,0.0,0.0,54.0,252.0
"Ross, J.",0.0,9.0,0.0,0.0,0.0,0.0,0.0,0.0,0.0,0.0,0.0,54.0,252.0
"Tanner, C.",0.0,9.0,0.0,0.0,0.0,0.0,0.0,0.0,0.0,0.0,0.0,54.0,252.0
"Evans, H.",0.0,9.0,0.0,0.0,0.0,0.0,0.0,0.0,0.0,0.0,0.0,54.0,252.0
"Marmeladov, V.",0.0,0.0,0.0,0.0,9.0,0.0,0.0,0.0,0.0,0.0,0.0,54.0,252.0
"Chipmunk, A.",0.0,9.0,0.0,0.0,0.0,0.0,0.0,0.0,0.0,0.0,0.0,54.0,252.0
"Robinson, M.",8.0,1.0,0.0,0.0,0.0,0.0,0.0,0.0,0.0,0.0,0.0,54.0,252.0
"Jimbo, D.",6.0,2.0,0.0,0.0,1.0,0.0,0.0,0.0,0.0,0.0,0.0,54.0,252.0
"Davis, A.",0.0,5.0,0.0,0.0,4.0,0.0,0.0,0.0,0.0,0.0,0.0,54.0,252.0
"Davenport, C.",9.0,0.0,0.0,0.0,0.0,0.0,0.0,0.0,0.0,0.0,0.0,54.0,252.0
"Keppler, Z.",6.0,3.0,0.0,0.0,0.0,0.0,0.0,0.0,0.0,0.0,0.0,54.0,252.0
"Sakura, K.",0.0,9.0,0.0,0.0,0.0,0.0,0.0,0.0,0.0,0.0,0.0,54.0,252.0
"Grithead, D.",0.0,0.0,1.0,0.0,7.0,0.0,0.0,0.0,0.0,0.0,0.0,48.0,258.0
"Lavelle Jr., D.",0.0,0.0,2.0,4.0,2.0,0.0,0.0,0.0,0.0,0.0,0.0,48.0,258.0
"Despacito Jr., G.",0.0,8.0,0.0,0.0,0.0,0.0,0.0,0.0,0.0,0.0,0.0,48.0,258.0
"Allan, C.",7.0,1.0,0.0,0.0,0.0,0.0,0.0,0.0,0.0,0.0,0.0,48.0,258.0
"LaMelllana, S.",0.0,8.0,0.0,0.0,0.0,0.0,0.0,0.0,0.0,0.0,0.0,48.0,258.0
"Kingston, J.",0.0,8.0,0.0,0.0,0.0,0.0,0.0,0.0,0.0,0.0,0.0,48.0,258.0
"Flock, R.",0.0,0.0,0.0,0.0,7.0,0.0,0.0,0.0,0.0,0.0,0.0,42.0,271.0
"McDavid, L.",0.0,7.0,0.0,0.0,0.0,0.0,0.0,0.0,0.0,0.0,0.0,42.0,271.0
"Snyder, S.",0.0,7.0,0.0,0.0,0.0,0.0,0.0,0.0,0.0,0.0,0.0,42.0,271.0
"Boyd, C.",1.0,6.0,0.0,0.0,0.0,0.0,0.0,0.0,0.0,0.0,0.0,42.0,271.0
"Harrison, W.",0.0,0.0,0.0,0.0,7.0,0.0,0.0,0.0,0.0,0.0,0.0,42.0,271.0
"King, A.",0.0,7.0,0.0,0.0,0.0,0.0,0.0,0.0,0.0,0.0,0.0,42.0,271.0
"O'Sullivan, C.",4.0,3.0,0.0,0.0,0.0,0.0,0.0,0.0,0.0,0.0,0.0,42.0,271.0
"Hardrool, C.",0.0,0.0,0.0,0.0,7.0,0.0,0.0,0.0,0.0,0.0,0.0,42.0,271.0
"Wright Jr, G.",0.0,7.0,0.0,0.0,0.0,0.0,0.0,0.0,0.0,0.0,0.0,42.0,271.0
"Havran, C.",7.0,0.0,0.0,0.0,0.0,0.0,0.0,0.0,0.0,0.0,0.0,42.0,271.0
"Lejune, L.",0.0,0.0,3.0,0.0,4.0,0.0,0.0,0.0,0.0,0.0,0.0,42.0,271.0
"Green, W.",0.0,0.0,2.0,1.0,4.0,0.0,0.0,0.0,0.0,0.0,0.0,42.0,271.0
"Legion, A.",0.0,7.0,0.0,0.0,0.0,0.0,0.0,0.0,0.0,0.0,0.0,42.0,271.0
"Fencik, J.",0.0,0.0,0.0,0.0,0.0,13.0,1.0,1.0,5.0,1.0,0.0,37.0,272.0
"Cash Jr., S.",0.0,6.0,0.0,0.0,0.0,0.0,0.0,0.0,0.0,0.0,0.0,36.0,291.0
"Lee, M.",0.0,6.0,0.0,0.0,0.0,0.0,0.0,0.0,0.0,0.0,0.0,36.0,291.0
"Petrongolo, J.",5.0,1.0,0.0,0.0,0.0,0.0,0.0,0.0,0.0,0.0,0.0,36.0,291.0
"Wolfcastle, R.",1.0,5.0,0.0,0.0,0.0,0.0,0.0,0.0,0.0,0.0,0.0,36.0,291.0
"Tarkenton, R.",0.0,0.0,0.0,0.0,0.0,9.0,1.0,2.0,2.0,4.0,0.0,36.0,291.0
"Lewith, T.",0.0,0.0,0.0,0.0,6.0,0.0,0.0,0.0,0.0,0.0,0.0,36.0,291.0
"Applehort, R.",4.0,0.0,1.0,0.0,1.0,0.0,0.0,0.0,0.0,0.0,0.0,36.0,291.0
"Newman, M.",6.0,0.0,0.0,0.0,0.0,0.0,0.0,0.0,0.0,0.0,0.0,36.0,291.0
"Gucci, R.",0.0,6.0,0.0,0.0,0.0,0.0,0.0,0.0,0.0,0.0,0.0,36.0,291.0
"Reese, A.",6.0,0.0,0.0,0.0,0.0,0.0,0.0,0.0,0.0,0.0,0.0,36.0,291.0
"Turner, D.",0.0,0.0,0.0,0.0,6.0,0.0,0.0,0.0,0.0,0.0,0.0,36.0,291.0
"McMahon, J.",0.0,5.0,1.0,0.0,0.0,0.0,0.0,0.0,0.0,0.0,0.0,36.0,291.0
"Dropson, J.",0.0,6.0,0.0,0.0,0.0,0.0,0.0,0.0,0.0,0.0,0.0,36.0,291.0
"McTaco, P.",6.0,0.0,0.0,0.0,0.0,0.0,0.0,0.0,0.0,0.0,0.0,36.0,291.0
"Fukushu, M.",6.0,0.0,0.0,0.0,0.0,0.0,0.0,0.0,0.0,0.0,0.0,36.0,291.0
"Omega, K.",0.0,6.0,0.0,0.0,0.0,0.0,0.0,0.0,0.0,0.0,0.0,36.0,291.0
"Milan, C.",5.0,1.0,0.0,0.0,0.0,0.0,0.0,0.0,0.0,0.0,0.0,36.0,291.0
"PhastBawls, D.",0.0,0.0,0.0,0.0,0.0,6.0,1.0,2.0,5.0,2.0,0.0,36.0,291.0
"Lagerfield, E.",6.0,0.0,0.0,0.0,0.0,0.0,0.0,0.0,0.0,0.0,0.0,36.0,291.0
"Thomason, J.",0.0,0.0,0.0,0.0,0.0,11.0,0.0,2.0,3.0,2.0,0.0,32.0,292.0
"Gibson, C.",0.0,5.0,0.0,0.0,0.0,0.0,0.0,0.0,0.0,0.0,0.0,30.0,317.0
"Snuggles, J.",0.0,0.0,1.0,0.0,4.0,0.0,0.0,0.0,0.0,0.0,0.0,30.0,317.0
"Riddick, D.",3.0,2.0,0.0,0.0,0.0,0.0,0.0,0.0,0.0,0.0,0.0,30.0,317.0
"Rocket, J.",0.0,5.0,0.0,0.0,0.0,0.0,0.0,0.0,0.0,0.0,0.0,30.0,317.0
"Floggity, J.",0.0,1.0,0.0,0.0,4.0,0.0,0.0,0.0,0.0,0.0,0.0,30.0,317.0
"Booker, B.",0.0,0.0,0.0,0.0,5.0,0.0,0.0,0.0,0.0,0.0,0.0,30.0,317.0
"Poopsie, D.",0.0,0.0,1.0,0.0,4.0,0.0,0.0,0.0,0.0,0.0,0.0,30.0,317.0
"Bronko, K.",2.0,3.0,0.0,0.0,0.0,0.0,0.0,0.0,0.0,0.0,0.0,30.0,317.0
"Barnes, B.",0.0,0.0,2.0,0.0,3.0,0.0,0.0,0.0,0.0,0.0,0.0,30.0,317.0
"Zhang, S.",0.0,4.0,0.0,0.0,1.0,0.0,0.0,0.0,0.0,0.0,0.0,30.0,317.0
"Bowers Jr, V.",3.0,2.0,0.0,0.0,0.0,0.0,0.0,0.0,0.0,0.0,0.0,30.0,317.0
"Abernathy, K.",0.0,0.0,1.0,0.0,4.0,0.0,0.0,0.0,0.0,0.0,0.0,30.0,317.0
"Hornbacher, A.",0.0,0.0,0.0,1.0,4.0,0.0,0.0,0.0,0.0,0.0,0.0,30.0,317.0
"Bumper, T.",5.0,0.0,0.0,0.0,0.0,0.0,0.0,0.0,0.0,0.0,0.0,30.0,317.0
"Knight, L.",0.0,0.0,2.0,1.0,2.0,0.0,0.0,0.0,0.0,0.0,0.0,30.0,317.0
"Lewandowski, J.",0.0,5.0,0.0,0.0,0.0,0.0,0.0,0.0,0.0,0.0,0.0,30.0,317.0
"Emoji, E.",0.0,0.0,1.0,2.0,2.0,0.0,0.0,0.0,0.0,0.0,0.0,30.0,317.0
"Schneider, D.",0.0,0.0,1.0,0.0,4.0,0.0,0.0,0.0,0.0,0.0,0.0,30.0,317.0
"Kokot, B.",0.0,0.0,0.0,0.0,0.0,9.0,2.0,2.0,0.0,2.0,1.0,30.0,317.0
"Montgomery, B.",0.0,0.0,1.0,0.0,4.0,0.0,0.0,0.0,0.0,0.0,0.0,30.0,317.0
"Showbiz, G.",4.0,0.0,0.0,0.0,1.0,0.0,0.0,0.0,0.0,0.0,0.0,30.0,317.0
"Oberwald, G.",0.0,5.0,0.0,0.0,0.0,0.0,0.0,0.0,0.0,0.0,0.0,30.0,317.0
"Baker, J.",0.0,5.0,0.0,0.0,0.0,0.0,0.0,0.0,0.0,0.0,0.0,30.0,317.0
"Arrow, R.",0.0,5.0,0.0,0.0,0.0,0.0,0.0,0.0,0.0,0.0,0.0,30.0,317.0
"Tiernan, L.",3.0,1.0,0.0,0.0,1.0,0.0,0.0,0.0,0.0,0.0,0.0,30.0,317.0
"QB, P.",0.0,0.0,0.0,0.0,0.0,11.0,1.0,1.0,3.0,0.0,0.0,26.0,318.0
"Joyce, S.",4.0,0.0,0.0,0.0,0.0,0.0,0.0,0.0,0.0,0.0,0.0,24.0,343.0
"Scabbia, L.",0.0,4.0,0.0,0.0,0.0,0.0,0.0,0.0,0.0,0.0,0.0,24.0,343.0
"Arnold, D.",0.0,0.0,0.0,0.0,4.0,0.0,0.0,0.0,0.0,0.0,0.0,24.0,343.0
"Boggs, B.",0.0,2.0,2.0,0.0,0.0,0.0,0.0,0.0,0.0,0.0,0.0,24.0,343.0
"Bigsby, C.",4.0,0.0,0.0,0.0,0.0,0.0,0.0,0.0,0.0,0.0,0.0,24.0,343.0
"Purchase, L.",0.0,0.0,2.0,0.0,2.0,0.0,0.0,0.0,0.0,0.0,0.0,24.0,343.0
"Wiley, D.",3.0,1.0,0.0,0.0,0.0,0.0,0.0,0.0,0.0,0.0,0.0,24.0,343.0
"Watts, Z.",4.0,0.0,0.0,0.0,0.0,0.0,0.0,0.0,0.0,0.0,0.0,24.0,343.0
"McZeal, K.",4.0,0.0,0.0,0.0,0.0,0.0,0.0,0.0,0.0,0.0,0.0,24.0,343.0
"Cox, J.",3.0,1.0,0.0,0.0,0.0,0.0,0.0,0.0,0.0,0.0,0.0,24.0,343.0
"Bodenhamer, B.",0.0,4.0,0.0,0.0,0.0,0.0,0.0,0.0,0.0,0.0,0.0,24.0,343.0
"Blocksdale, A.",4.0,0.0,0.0,0.0,0.0,0.0,0.0,0.0,0.0,0.0,0.0,24.0,343.0
"Oles, T.",1.0,0.0,2.0,0.0,1.0,0.0,0.0,0.0,0.0,0.0,0.0,24.0,343.0
"Lattimer, A.",0.0,0.0,3.0,0.0,1.0,0.0,0.0,0.0,0.0,0.0,0.0,24.0,343.0
"Vegeta, P.",0.0,0.0,0.0,0.0,4.0,0.0,0.0,0.0,0.0,0.0,0.0,24.0,343.0
"Davis, J.",0.0,4.0,0.0,0.0,0.0,0.0,0.0,0.0,0.0,0.0,0.0,24.0,343.0
"Hughes, Q.",0.0,0.0,0.0,0.0,4.0,0.0,0.0,0.0,0.0,0.0,0.0,24.0,343.0
"Utler, J.",1.0,3.0,0.0,0.0,0.0,0.0,0.0,0.0,0.0,0.0,0.0,24.0,343.0
"Stats, J.",2.0,2.0,0.0,0.0,0.0,0.0,0.0,0.0,0.0,0.0,0.0,24.0,343.0
"Verns, D.",0.0,0.0,0.0,0.0,4.0,0.0,0.0,0.0,0.0,0.0,0.0,24.0,343.0
"Taylor, D.",0.0,0.0,2.0,0.0,2.0,0.0,0.0,0.0,0.0,0.0,0.0,24.0,343.0
"Koch, D.",2.0,2.0,0.0,0.0,0.0,0.0,0.0,0.0,0.0,0.0,0.0,24.0,343.0
"James-Jones, S.",0.0,4.0,0.0,0.0,0.0,0.0,0.0,0.0,0.0,0.0,0.0,24.0,343.0
"Bot, B.",1.0,3.0,0.0,0.0,0.0,0.0,0.0,0.0,0.0,0.0,0.0,24.0,343.0
"Tuck Jr., T.",0.0,4.0,0.0,0.0,0.0,0.0,0.0,0.0,0.0,0.0,0.0,24.0,343.0
"Ridley, X.",0.0,0.0,0.0,0.0,3.0,0.0,0.0,0.0,0.0,0.0,0.0,18.0,380.0
"Pennington, T.",0.0,0.0,1.0,0.0,2.0,0.0,0.0,0.0,0.0,0.0,0.0,18.0,380.0
"Jensen, C.",0.0,0.0,0.0,0.0,3.0,0.0,0.0,0.0,0.0,0.0,0.0,18.0,380.0
"Hondo, A.",1.0,2.0,0.0,0.0,0.0,0.0,0.0,0.0,0.0,0.0,0.0,18.0,380.0
"Shaloiko, J.",0.0,3.0,0.0,0.0,0.0,0.0,0.0,0.0,0.0,0.0,0.0,18.0,380.0
"Rechs, Z.",0.0,3.0,0.0,0.0,0.0,0.0,0.0,0.0,0.0,0.0,0.0,18.0,380.0
"Lecavalier, R.",0.0,2.0,0.0,0.0,1.0,0.0,0.0,0.0,0.0,0.0,0.0,18.0,380.0
"Mughes, H.",0.0,0.0,0.0,0.0,3.0,0.0,0.0,0.0,0.0,0.0,0.0,18.0,380.0
"Shoate, T.",0.0,0.0,0.0,0.0,3.0,0.0,0.0,0.0,0.0,0.0,0.0,18.0,380.0
"Kirkby, T.",0.0,0.0,0.0,0.0,3.0,0.0,0.0,0.0,0.0,0.0,0.0,18.0,380.0
"Kronen, R.",0.0,0.0,0.0,0.0,3.0,0.0,0.0,0.0,0.0,0.0,0.0,18.0,380.0
"Passman, T.",0.0,3.0,0.0,0.0,0.0,0.0,0.0,0.0,0.0,0.0,0.0,18.0,380.0
"Knurtsson, K.",0.0,0.0,0.0,0.0,3.0,0.0,0.0,0.0,0.0,0.0,0.0,18.0,380.0
"Maddox, S.",0.0,0.0,0.0,0.0,3.0,0.0,0.0,0.0,0.0,0.0,0.0,18.0,380.0
"Pierno, N.",3.0,0.0,0.0,0.0,0.0,0.0,0.0,0.0,0.0,0.0,0.0,18.0,380.0
"Askins, J.",0.0,3.0,0.0,0.0,0.0,0.0,0.0,0.0,0.0,0.0,0.0,18.0,380.0
"Catchem8, Z.",0.0,3.0,0.0,0.0,0.0,0.0,0.0,0.0,0.0,0.0,0.0,18.0,380.0
"Bakshi, S.",0.0,0.0,1.0,0.0,2.0,0.0,0.0,0.0,0.0,0.0,0.0,18.0,380.0
"Storm, J.",0.0,0.0,0.0,0.0,3.0,0.0,0.0,0.0,0.0,0.0,0.0,18.0,380.0
"Troyski, X.",0.0,0.0,0.0,0.0,3.0,0.0,0.0,0.0,0.0,0.0,0.0,18.0,380.0
"Gelbman, T.",0.0,3.0,0.0,0.0,0.0,0.0,0.0,0.0,0.0,0.0,0.0,18.0,380.0
"Arrabiata, D.",0.0,3.0,0.0,0.0,0.0,0.0,0.0,0.0,0.0,0.0,0.0,18.0,380.0
"Williams, J.",0.0,0.0,0.0,0.0,3.0,0.0,0.0,0.0,0.0,0.0,0.0,18.0,380.0
"Chambers, K.",0.0,3.0,0.0,0.0,0.0,0.0,0.0,0.0,0.0,0.0,0.0,18.0,380.0
"Cutter, D.",0.0,0.0,0.0,0.0,3.0,0.0,0.0,0.0,0.0,0.0,0.0,18.0,380.0
"Asipi Jr., A.",0.0,2.0,0.0,0.0,1.0,0.0,0.0,0.0,0.0,0.0,0.0,18.0,380.0
"Taylor, C.",0.0,0.0,0.0,0.0,3.0,0.0,0.0,0.0,0.0,0.0,0.0,18.0,380.0
"Falconi, A.",3.0,0.0,0.0,0.0,0.0,0.0,0.0,0.0,0.0,0.0,0.0,18.0,380.0
"D'Attoria V, R.",0.0,0.0,0.0,0.0,3.0,0.0,0.0,0.0,0.0,0.0,0.0,18.0,380.0
"Tenzini, G.",0.0,3.0,0.0,0.0,0.0,0.0,0.0,0.0,0.0,0.0,0.0,18.0,380.0
"Carter, P.",0.0,0.0,0.0,0.0,3.0,0.0,0.0,0.0,0.0,0.0,0.0,18.0,380.0
"Brister, T.",0.0,0.0,0.0,0.0,3.0,0.0,0.0,0.0,0.0,0.0,0.0,18.0,380.0
"Blockit, I.",0.0,3.0,0.0,0.0,0.0,0.0,0.0,0.0,0.0,0.0,0.0,18.0,380.0
"Blockerman, F.",0.0,3.0,0.0,0.0,0.0,0.0,0.0,0.0,0.0,0.0,0.0,18.0,380.0
"Dawkins, S.",0.0,0.0,2.0,0.0,1.0,0.0,0.0,0.0,0.0,0.0,0.0,18.0,380.0
"Videl-San, N.",0.0,3.0,0.0,0.0,0.0,0.0,0.0,0.0,0.0,0.0,0.0,18.0,380.0
"Enchant, E.",0.0,0.0,0.0,0.0,3.0,0.0,0.0,0.0,0.0,0.0,0.0,18.0,380.0
"Hockhertz, M.",0.0,0.0,0.0,0.0,2.0,0.0,0.0,0.0,0.0,0.0,0.0,12.0,441.0
"Becker, K.",0.0,0.0,1.0,0.0,1.0,0.0,0.0,0.0,0.0,0.0,0.0,12.0,441.0
"Jenkins, R.",2.0,0.0,0.0,0.0,0.0,0.0,0.0,0.0,0.0,0.0,0.0,12.0,441.0
"Hobbs, S.",0.0,0.0,1.0,1.0,0.0,0.0,0.0,0.0,0.0,0.0,0.0,12.0,441.0
"Krimlaw, A.",0.0,0.0,0.0,0.0,2.0,0.0,0.0,0.0,0.0,0.0,0.0,12.0,441.0
"Skuff, R.",0.0,2.0,0.0,0.0,0.0,0.0,0.0,0.0,0.0,0.0,0.0,12.0,441.0
"Blaylock, M.",0.0,0.0,1.0,0.0,1.0,0.0,0.0,0.0,0.0,0.0,0.0,12.0,441.0
"Roenick, A.",0.0,0.0,0.0,0.0,2.0,0.0,0.0,0.0,0.0,0.0,0.0,12.0,441.0
"Holloway, O.",0.0,2.0,0.0,0.0,0.0,0.0,0.0,0.0,0.0,0.0,0.0,12.0,441.0
"Howyanow, W.",0.0,0.0,0.0,0.0,2.0,0.0,0.0,0.0,0.0,0.0,0.0,12.0,441.0
"Atasuke, N.",0.0,2.0,0.0,0.0,0.0,0.0,0.0,0.0,0.0,0.0,0.0,12.0,441.0
"Campbell, J.",0.0,2.0,0.0,0.0,0.0,0.0,0.0,0.0,0.0,0.0,0.0,12.0,441.0
"Brown, K.",0.0,2.0,0.0,0.0,0.0,0.0,0.0,0.0,0.0,0.0,0.0,12.0,441.0
"Jefferson IV, J.",0.0,0.0,0.0,0.0,2.0,0.0,0.0,0.0,0.0,0.0,0.0,12.0,441.0
"O'Sullivan, J.",0.0,0.0,0.0,0.0,2.0,0.0,0.0,0.0,0.0,0.0,0.0,12.0,441.0
"Saint, J.",0.0,0.0,0.0,0.0,2.0,0.0,0.0,0.0,0.0,0.0,0.0,12.0,441.0
"Sinclair, Q.",0.0,0.0,0.0,0.0,2.0,0.0,0.0,0.0,0.0,0.0,0.0,12.0,441.0
"Hunt, E.",2.0,0.0,0.0,0.0,0.0,0.0,0.0,0.0,0.0,0.0,0.0,12.0,441.0
"Cushing, K.",0.0,0.0,0.0,0.0,2.0,0.0,0.0,0.0,0.0,0.0,0.0,12.0,441.0
"Okusi, R.",0.0,2.0,0.0,0.0,0.0,0.0,0.0,0.0,0.0,0.0,0.0,12.0,441.0
"Wozniak, J.",0.0,0.0,0.0,0.0,2.0,0.0,0.0,0.0,0.0,0.0,0.0,12.0,441.0
"J'Vathon, T.",0.0,2.0,0.0,0.0,0.0,0.0,0.0,0.0,0.0,0.0,0.0,12.0,441.0
"Erikson, V.",0.0,0.0,0.0,0.0,2.0,0.0,0.0,0.0,0.0,0.0,0.0,12.0,441.0
"Jack, C.",2.0,0.0,0.0,0.0,0.0,0.0,0.0,0.0,0.0,0.0,0.0,12.0,441.0
"McMorris, J.",0.0,0.0,0.0,0.0,2.0,0.0,0.0,0.0,0.0,0.0,0.0,12.0,441.0
"Marston, J.",0.0,0.0,0.0,0.0,2.0,0.0,0.0,0.0,0.0,0.0,0.0,12.0,441.0
"Rector, D.",0.0,0.0,1.0,1.0,0.0,0.0,0.0,0.0,0.0,0.0,0.0,12.0,441.0
"Kurisuto, R.",1.0,1.0,0.0,0.0,0.0,0.0,0.0,0.0,0.0,0.0,0.0,12.0,441.0
"Mills, B.",0.0,0.0,0.0,0.0,2.0,0.0,0.0,0.0,0.0,0.0,0.0,12.0,441.0
"Hansen, A.",0.0,0.0,0.0,0.0,2.0,0.0,0.0,0.0,0.0,0.0,0.0,12.0,441.0
"Stone, W.",0.0,0.0,0.0,0.0,2.0,0.0,0.0,0.0,0.0,0.0,0.0,12.0,441.0
"Bavitz, I.",0.0,0.0,0.0,0.0,2.0,0.0,0.0,0.0,0.0,0.0,0.0,12.0,441.0
"Petrakis, A.",0.0,1.0,0.0,0.0,1.0,0.0,0.0,0.0,0.0,0.0,0.0,12.0,441.0
"Thorbjornsson, G.",2.0,0.0,0.0,0.0,0.0,0.0,0.0,0.0,0.0,0.0,0.0,12.0,441.0
"Bawlls, B.",2.0,0.0,0.0,0.0,0.0,0.0,0.0,0.0,0.0,0.0,0.0,12.0,441.0
"Lewis, L.",0.0,0.0,0.0,0.0,2.0,0.0,0.0,0.0,0.0,0.0,0.0,12.0,441.0
"Davidson, J.",0.0,2.0,0.0,0.0,0.0,0.0,0.0,0.0,0.0,0.0,0.0,12.0,441.0
"Leonard, M.",0.0,0.0,0.0,0.0,2.0,0.0,0.0,0.0,0.0,0.0,0.0,12.0,441.0
"Vans, R.",0.0,0.0,0.0,0.0,2.0,0.0,0.0,0.0,0.0,0.0,0.0,12.0,441.0
"Rudd, E.",0.0,2.0,0.0,0.0,0.0,0.0,0.0,0.0,0.0,0.0,0.0,12.0,441.0
"Grimnir, O.",0.0,0.0,0.0,0.0,2.0,0.0,0.0,0.0,0.0,0.0,0.0,12.0,441.0
"Deringer, K.",0.0,0.0,0.0,0.0,2.0,0.0,0.0,0.0,0.0,0.0,0.0,12.0,441.0
"Tillman, M.",0.0,0.0,0.0,0.0,2.0,0.0,0.0,0.0,0.0,0.0,0.0,12.0,441.0
"Staley, T.",0.0,0.0,0.0,0.0,2.0,0.0,0.0,0.0,0.0,0.0,0.0,12.0,441.0
"Tkachuk, J.",0.0,2.0,0.0,0.0,0.0,0.0,0.0,0.0,0.0,0.0,0.0,12.0,441.0
"Matthews, D.",0.0,2.0,0.0,0.0,0.0,0.0,0.0,0.0,0.0,0.0,0.0,12.0,441.0
"Rove, C.",2.0,0.0,0.0,0.0,0.0,0.0,0.0,0.0,0.0,0.0,0.0,12.0,441.0
"Witten, A.",0.0,0.0,0.0,0.0,2.0,0.0,0.0,0.0,0.0,0.0,0.0,12.0,441.0
"Keita, T.",0.0,0.0,0.0,0.0,2.0,0.0,0.0,0.0,0.0,0.0,0.0,12.0,441.0
"Flores, R.",2.0,0.0,0.0,0.0,0.0,0.0,0.0,0.0,0.0,0.0,0.0,12.0,441.0
"Yobanna-Kanayochukwu, C.",0.0,2.0,0.0,0.0,0.0,0.0,0.0,0.0,0.0,0.0,0.0,12.0,441.0
"Rashad, I.",0.0,0.0,0.0,0.0,2.0,0.0,0.0,0.0,0.0,0.0,0.0,12.0,441.0
"Bayley, B.",0.0,0.0,0.0,1.0,1.0,0.0,0.0,0.0,0.0,0.0,0.0,12.0,441.0
"Mason, H.",0.0,2.0,0.0,0.0,0.0,0.0,0.0,0.0,0.0,0.0,0.0,12.0,441.0
"Gambino, C.",2.0,0.0,0.0,0.0,0.0,0.0,0.0,0.0,0.0,0.0,0.0,12.0,441.0
"Parker, P.",0.0,0.0,0.0,0.0,2.0,0.0,0.0,0.0,0.0,0.0,0.0,12.0,441.0
"Kehla, Z.",0.0,0.0,0.0,0.0,2.0,0.0,0.0,0.0,0.0,0.0,0.0,12.0,441.0
"Z, D.",0.0,2.0,0.0,0.0,0.0,0.0,0.0,0.0,0.0,0.0,0.0,12.0,441.0
"Fujiwara, C.",2.0,0.0,0.0,0.0,0.0,0.0,0.0,0.0,0.0,0.0,0.0,12.0,441.0
"Fulton, W.",0.0,0.0,0.0,0.0,2.0,0.0,0.0,0.0,0.0,0.0,0.0,12.0,441.0
"Maddox, R.",0.0,2.0,0.0,0.0,0.0,0.0,0.0,0.0,0.0,0.0,0.0,12.0,441.0
"Kane, M.",0.0,0.0,0.0,0.0,1.0,0.0,0.0,0.0,0.0,0.0,0.0,6.0,543.0
"Sanderson, J.",0.0,1.0,0.0,0.0,0.0,0.0,0.0,0.0,0.0,0.0,0.0,6.0,543.0
"Kamby, J.",0.0,1.0,0.0,0.0,0.0,0.0,0.0,0.0,0.0,0.0,0.0,6.0,543.0
"Tobin, T.",1.0,0.0,0.0,0.0,0.0,0.0,0.0,0.0,0.0,0.0,0.0,6.0,543.0
"Ludvig, O.",0.0,0.0,0.0,0.0,1.0,0.0,0.0,0.0,0.0,0.0,0.0,6.0,543.0
"Sandoval, A.",0.0,0.0,0.0,0.0,1.0,0.0,0.0,0.0,0.0,0.0,0.0,6.0,543.0
"Kennedy, D.",0.0,0.0,0.0,0.0,1.0,0.0,0.0,0.0,0.0,0.0,0.0,6.0,543.0
"Danger, D.",0.0,0.0,0.0,1.0,0.0,0.0,0.0,0.0,0.0,0.0,0.0,6.0,543.0
"Thibault, A.",0.0,0.0,0.0,0.0,1.0,0.0,0.0,0.0,0.0,0.0,0.0,6.0,543.0
"Tomatonose, P.",0.0,1.0,0.0,0.0,0.0,0.0,0.0,0.0,0.0,0.0,0.0,6.0,543.0
"King, D.",0.0,1.0,0.0,0.0,0.0,0.0,0.0,0.0,0.0,0.0,0.0,6.0,543.0
"Lee, L.",0.0,0.0,0.0,0.0,1.0,0.0,0.0,0.0,0.0,0.0,0.0,6.0,543.0
"Lee, J.",0.0,0.0,0.0,0.0,1.0,0.0,0.0,0.0,0.0,0.0,0.0,6.0,543.0
"Valdyr, M.",0.0,0.0,0.0,0.0,1.0,0.0,0.0,0.0,0.0,0.0,0.0,6.0,543.0
"Catchem11, Z.",0.0,1.0,0.0,0.0,0.0,0.0,0.0,0.0,0.0,0.0,0.0,6.0,543.0
"Richardson, D.",0.0,0.0,0.0,0.0,1.0,0.0,0.0,0.0,0.0,0.0,0.0,6.0,543.0
"Catcherman, F.",0.0,1.0,0.0,0.0,0.0,0.0,0.0,0.0,0.0,0.0,0.0,6.0,543.0
"Rice, J.",0.0,0.0,0.0,1.0,0.0,0.0,0.0,0.0,0.0,0.0,0.0,6.0,543.0
"Reyes, R.",0.0,0.0,0.0,0.0,1.0,0.0,0.0,0.0,0.0,0.0,0.0,6.0,543.0
"Light, B.",0.0,0.0,0.0,0.0,1.0,0.0,0.0,0.0,0.0,0.0,0.0,6.0,543.0
"Cheese Jr., D.",0.0,0.0,0.0,0.0,1.0,0.0,0.0,0.0,0.0,0.0,0.0,6.0,543.0
"Mills, R.",0.0,0.0,0.0,0.0,1.0,0.0,0.0,0.0,0.0,0.0,0.0,6.0,543.0
"Biggums, T.",0.0,0.0,0.0,0.0,1.0,0.0,0.0,0.0,0.0,0.0,0.0,6.0,543.0
"Berry, M.",0.0,0.0,0.0,0.0,1.0,0.0,0.0,0.0,0.0,0.0,0.0,6.0,543.0
"Wilf, G.",0.0,0.0,0.0,0.0,1.0,0.0,0.0,0.0,0.0,0.0,0.0,6.0,543.0
"Trout, C.",0.0,0.0,0.0,0.0,1.0,0.0,0.0,0.0,0.0,0.0,0.0,6.0,543.0
"Little IV, S.",0.0,0.0,0.0,0.0,1.0,0.0,0.0,0.0,0.0,0.0,0.0,6.0,543.0
"Cox III, J.",0.0,0.0,0.0,0.0,1.0,0.0,0.0,0.0,0.0,0.0,0.0,6.0,543.0
"Kyubee, S.",1.0,0.0,0.0,0.0,0.0,0.0,0.0,0.0,0.0,0.0,0.0,6.0,543.0
"Morgan, L.",0.0,0.0,0.0,0.0,1.0,0.0,0.0,0.0,0.0,0.0,0.0,6.0,543.0
"Beck, C.",0.0,0.0,0.0,0.0,1.0,0.0,0.0,0.0,0.0,0.0,0.0,6.0,543.0
"Morris, R.",0.0,0.0,0.0,0.0,1.0,0.0,0.0,0.0,0.0,0.0,0.0,6.0,543.0
"Nkiah, J.",0.0,0.0,0.0,0.0,1.0,0.0,0.0,0.0,0.0,0.0,0.0,6.0,543.0
"Krashwagen, R.",0.0,1.0,0.0,0.0,0.0,0.0,0.0,0.0,0.0,0.0,0.0,6.0,543.0
"Crooks, L.",0.0,0.0,0.0,0.0,1.0,0.0,0.0,0.0,0.0,0.0,0.0,6.0,543.0
"Watkins, R.",0.0,0.0,0.0,0.0,1.0,0.0,0.0,0.0,0.0,0.0,0.0,6.0,543.0
"King, J.",0.0,0.0,0.0,0.0,1.0,0.0,0.0,0.0,0.0,0.0,0.0,6.0,543.0
"Dam, D.",0.0,0.0,0.0,0.0,1.0,0.0,0.0,0.0,0.0,0.0,0.0,6.0,543.0
"Nikko, G.",0.0,0.0,0.0,0.0,1.0,0.0,0.0,0.0,0.0,0.0,0.0,6.0,543.0
"Van Buren, M.",0.0,1.0,0.0,0.0,0.0,0.0,0.0,0.0,0.0,0.0,0.0,6.0,543.0
"Kackpoo, H.",0.0,0.0,0.0,0.0,1.0,0.0,0.0,0.0,0.0,0.0,0.0,6.0,543.0
"Stropko, B.",0.0,0.0,0.0,0.0,1.0,0.0,0.0,0.0,0.0,0.0,0.0,6.0,543.0
"Bob, B.",0.0,0.0,0.0,0.0,1.0,0.0,0.0,0.0,0.0,0.0,0.0,6.0,543.0
"Anderson, R.",0.0,0.0,0.0,0.0,1.0,0.0,0.0,0.0,0.0,0.0,0.0,6.0,543.0
"Smith, M.",0.0,0.0,1.0,0.0,0.0,0.0,0.0,0.0,0.0,0.0,0.0,6.0,543.0
"Young, J.",0.0,1.0,0.0,0.0,0.0,0.0,0.0,0.0,0.0,0.0,0.0,6.0,543.0
"Andrews, J.",0.0,0.0,0.0,0.0,1.0,0.0,0.0,0.0,0.0,0.0,0.0,6.0,543.0
"Ansong, L.",0.0,1.0,0.0,0.0,0.0,0.0,0.0,0.0,0.0,0.0,0.0,6.0,543.0
"Harrison, S.",0.0,0.0,0.0,0.0,1.0,0.0,0.0,0.0,0.0,0.0,0.0,6.0,543.0
"Firestorm-Fjord, O.",0.0,0.0,0.0,1.0,0.0,0.0,0.0,0.0,0.0,0.0,0.0,6.0,543.0
"Flimjollywop, S.",0.0,0.0,0.0,0.0,1.0,0.0,0.0,0.0,0.0,0.0,0.0,6.0,543.0
"Fletcher, G.",0.0,0.0,0.0,0.0,1.0,0.0,0.0,0.0,0.0,0.0,0.0,6.0,543.0
"Fitzpatrick, K.",1.0,0.0,0.0,0.0,0.0,0.0,0.0,0.0,0.0,0.0,0.0,6.0,543.0
"Arianlacher, M.",0.0,0.0,0.0,0.0,1.0,0.0,0.0,0.0,0.0,0.0,0.0,6.0,543.0
"Washington, W.",0.0,1.0,0.0,0.0,0.0,0.0,0.0,0.0,0.0,0.0,0.0,6.0,543.0
"Vequain, F.",0.0,1.0,0.0,0.0,0.0,0.0,0.0,0.0,0.0,0.0,0.0,6.0,543.0
"McCringleberry, H.",0.0,0.0,0.0,0.0,1.0,0.0,0.0,0.0,0.0,0.0,0.0,6.0,543.0
"George, D.",0.0,1.0,0.0,0.0,0.0,0.0,0.0,0.0,0.0,0.0,0.0,6.0,543.0
"Stokeley, G.",0.0,0.0,0.0,0.0,1.0,0.0,0.0,0.0,0.0,0.0,0.0,6.0,543.0
"Zelos, J.",0.0,0.0,0.0,0.0,1.0,0.0,0.0,0.0,0.0,0.0,0.0,6.0,543.0
"Boss, M.",1.0,0.0,0.0,0.0,0.0,0.0,0.0,0.0,0.0,0.0,0.0,6.0,543.0
"Alexander, B.",0.0,1.0,0.0,0.0,0.0,0.0,0.0,0.0,0.0,0.0,0.0,6.0,543.0
"Hackett, A.",0.0,0.0,0.0,0.0,1.0,0.0,0.0,0.0,0.0,0.0,0.0,6.0,543.0
"Speed, D.",0.0,0.0,0.0,0.0,1.0,0.0,0.0,0.0,0.0,0.0,0.0,6.0,543.0
"Al Mahrouqi, K.",0.0,0.0,0.0,0.0,1.0,0.0,0.0,0.0,0.0,0.0,0.0,6.0,543.0
"Stephen, W.",0.0,1.0,0.0,0.0,0.0,0.0,0.0,0.0,0.0,0.0,0.0,6.0,543.0
"Washington, L.",0.0,0.0,0.0,0.0,1.0,0.0,0.0,0.0,0.0,0.0,0.0,6.0,543.0
"Phoenix, B.",1.0,0.0,0.0,0.0,0.0,0.0,0.0,0.0,0.0,0.0,0.0,6.0,543.0
"Robertson, A.",0.0,0.0,0.0,0.0,1.0,0.0,0.0,0.0,0.0,0.0,0.0,6.0,543.0
"Stein, P.",0.0,0.0,0.0,0.0,1.0,0.0,0.0,0.0,0.0,0.0,0.0,6.0,543.0
"PickSix, H.",0.0,0.0,0.0,1.0,0.0,0.0,0.0,0.0,0.0,0.0,0.0,6.0,543.0
"Acho, M.",0.0,0.0,0.0,0.0,1.0,0.0,0.0,0.0,0.0,0.0,0.0,6.0,543.0
"Piper, W.",0.0,1.0,0.0,0.0,0.0,0.0,0.0,0.0,0.0,0.0,0.0,6.0,543.0
"McGinn, I.",0.0,0.0,0.0,0.0,1.0,0.0,0.0,0.0,0.0,0.0,0.0,6.0,543.0
"Slothface, J.",0.0,0.0,0.0,0.0,1.0,0.0,0.0,0.0,0.0,0.0,0.0,6.0,543.0
"Hilliard, R.",0.0,0.0,0.0,0.0,1.0,0.0,0.0,0.0,0.0,0.0,0.0,6.0,543.0
"Batista, D.",0.0,1.0,0.0,0.0,0.0,0.0,0.0,0.0,0.0,0.0,0.0,6.0,543.0
"Thomas, R.",0.0,0.0,0.0,0.0,1.0,0.0,0.0,0.0,0.0,0.0,0.0,6.0,543.0
"Dream, K.",0.0,0.0,0.0,0.0,1.0,0.0,0.0,0.0,0.0,0.0,0.0,6.0,543.0
"Dugnutt, B.",0.0,0.0,0.0,0.0,1.0,0.0,0.0,0.0,0.0,0.0,0.0,6.0,543.0
"Terim, F.",0.0,0.0,0.0,0.0,1.0,0.0,0.0,0.0,0.0,0.0,0.0,6.0,543.0
"Scott, R.",0.0,0.0,0.0,0.0,1.0,0.0,0.0,0.0,0.0,0.0,0.0,6.0,543.0
"O'Sullivan, K.",0.0,0.0,0.0,0.0,1.0,0.0,0.0,0.0,0.0,0.0,0.0,6.0,543.0
"MacGregor, G.",0.0,0.0,0.0,0.0,1.0,0.0,0.0,0.0,0.0,0.0,0.0,6.0,543.0
"Jadakiss, D.",0.0,0.0,0.0,0.0,1.0,0.0,0.0,0.0,0.0,0.0,0.0,6.0,543.0
"Domine, J.",0.0,0.0,0.0,0.0,1.0,0.0,0.0,0.0,0.0,0.0,0.0,6.0,543.0
"Rambo, J.",0.0,0.0,0.0,0.0,1.0,0.0,0.0,0.0,0.0,0.0,0.0,6.0,543.0
"Oats, S.",0.0,0.0,0.0,0.0,1.0,0.0,0.0,0.0,0.0,0.0,0.0,6.0,543.0
"Mademe, R.",0.0,1.0,0.0,0.0,0.0,0.0,0.0,0.0,0.0,0.0,0.0,6.0,543.0
"Rosario, L.",1.0,0.0,0.0,0.0,0.0,0.0,0.0,0.0,0.0,0.0,0.0,6.0,543.0
"Eriksen, W.",0.0,0.0,0.0,0.0,1.0,0.0,0.0,0.0,0.0,0.0,0.0,6.0,543.0
"Dissector, U.",0.0,0.0,0.0,0.0,1.0,0.0,0.0,0.0,0.0,0.0,0.0,6.0,543.0
"Scarlett, D.",0.0,0.0,0.0,1.0,0.0,0.0,0.0,0.0,0.0,0.0,0.0,6.0,543.0
"Okura, T.",0.0,0.0,0.0,0.0,1.0,0.0,0.0,0.0,0.0,0.0,0.0,6.0,543.0
"Oles JR, T.",0.0,0.0,0.0,0.0,1.0,0.0,0.0,0.0,0.0,0.0,0.0,6.0,543.0
"McKinnie, L.",0.0,0.0,0.0,0.0,1.0,0.0,0.0,0.0,0.0,0.0,0.0,6.0,543.0
"Winchester, H.",0.0,0.0,0.0,0.0,1.0,0.0,0.0,0.0,0.0,0.0,0.0,6.0,543.0
"Howlett, D.",0.0,1.0,0.0,0.0,0.0,0.0,0.0,0.0,0.0,0.0,0.0,6.0,543.0
"Ramsey Jr., G.",0.0,0.0,0.0,0.0,1.0,0.0,0.0,0.0,0.0,0.0,0.0,6.0,543.0
"Rogers, C.",1.0,0.0,0.0,0.0,0.0,0.0,0.0,0.0,0.0,0.0,0.0,6.0,543.0
"Quin, A.",0.0,0.0,0.0,0.0,1.0,0.0,0.0,0.0,0.0,0.0,0.0,6.0,543.0
"Broadway, E.",0.0,0.0,0.0,0.0,1.0,0.0,0.0,0.0,0.0,0.0,0.0,6.0,543.0
"Robertoswki, G.",0.0,0.0,0.0,0.0,0.0,0.0,0.0,0.0,0.0,0.0,0.0,0.0,1058.0
"Waynner, B.",0.0,0.0,0.0,0.0,0.0,0.0,0.0,0.0,0.0,0.0,0.0,0.0,1058.0
"Watyumaidmedu, L.",0.0,0.0,0.0,0.0,0.0,0.0,0.0,0.0,0.0,0.0,0.0,0.0,1058.0
"Rivere, H.",0.0,0.0,0.0,0.0,0.0,0.0,0.0,0.0,0.0,0.0,0.0,0.0,1058.0
"Rikiya, M.",0.0,0.0,0.0,0.0,0.0,0.0,0.0,0.0,0.0,0.0,0.0,0.0,1058.0
"Ridley, W.",0.0,0.0,0.0,0.0,0.0,0.0,0.0,0.0,0.0,0.0,0.0,0.0,1058.0
"Watson, S.",0.0,0.0,0.0,0.0,0.0,0.0,0.0,0.0,0.0,0.0,0.0,0.0,1058.0
"Riley, C.",0.0,0.0,0.0,0.0,0.0,0.0,0.0,0.0,0.0,0.0,0.0,0.0,1058.0
"Waters, J.",0.0,0.0,0.0,0.0,0.0,0.0,0.0,0.0,0.0,0.0,0.0,0.0,1058.0
"Riposte, F.",0.0,0.0,0.0,0.0,0.0,0.0,0.0,0.0,0.0,0.0,0.0,0.0,1058.0
"Steel, H.",0.0,0.0,0.0,0.0,0.0,0.0,0.0,0.0,0.0,0.0,0.0,0.0,1058.0
"Ramza, S.",0.0,0.0,0.0,0.0,0.0,0.0,0.0,0.0,0.0,0.0,0.0,0.0,1058.0
"Weathers III, B.",0.0,0.0,0.0,0.0,0.0,0.0,0.0,0.0,0.0,0.0,0.0,0.0,1058.0
"Woodson, W.",0.0,0.0,0.0,0.0,0.0,0.0,0.0,0.0,0.0,0.0,0.0,0.0,1058.0
"Raimon, T.",0.0,0.0,0.0,0.0,0.0,0.0,0.0,0.0,0.0,0.0,0.0,0.0,1058.0
"Raccoon, R.",0.0,0.0,0.0,0.0,0.0,0.0,0.0,0.0,0.0,0.0,0.0,0.0,1058.0
"Wozy, F.",0.0,0.0,0.0,0.0,0.0,0.0,0.0,0.0,0.0,0.0,0.0,0.0,1058.0
"Wrecks, T.",0.0,0.0,0.0,0.0,0.0,0.0,0.0,0.0,0.0,0.0,0.0,0.0,1058.0
"Wright, J.",0.0,0.0,0.0,0.0,0.0,0.0,0.0,0.0,0.0,0.0,0.0,0.0,1058.0
"Quick, J.",0.0,0.0,0.0,0.0,0.0,0.0,0.0,0.0,0.0,0.0,0.0,0.0,1058.0
"QuakStak, D.",0.0,0.0,0.0,0.0,0.0,0.0,0.0,0.0,0.0,0.0,0.0,0.0,1058.0
"Quail, D.",0.0,0.0,0.0,0.0,0.0,0.0,0.0,0.0,0.0,0.0,0.0,0.0,1058.0
"Quaid, D.",0.0,0.0,0.0,0.0,0.0,0.0,0.0,0.0,0.0,0.0,0.0,0.0,1058.0
"Wright, R.",0.0,0.0,0.0,0.0,0.0,0.0,0.0,0.0,0.0,0.0,0.0,0.0,1058.0
"Wrong, O.",0.0,0.0,0.0,0.0,0.0,0.0,0.0,0.0,0.0,0.0,0.0,0.0,1058.0
"Probincrux III, D.",0.0,0.0,0.0,0.0,0.0,0.0,0.0,0.0,0.0,0.0,0.0,0.0,1058.0
"Porter, G.",0.0,0.0,0.0,0.0,0.0,0.0,0.0,0.0,0.0,0.0,0.0,0.0,1058.0
"Zbornak, D.",0.0,0.0,0.0,0.0,0.0,0.0,0.0,0.0,0.0,0.0,0.0,0.0,1058.0
"Pooky, S.",0.0,0.0,0.0,0.0,0.0,0.0,0.0,0.0,0.0,0.0,0.0,0.0,1058.0
"Polk, J.",0.0,0.0,0.0,0.0,0.0,0.0,0.0,0.0,0.0,0.0,0.0,0.0,1058.0
"d'Alcott, R.",0.0,0.0,0.0,0.0,0.0,0.0,0.0,0.0,0.0,0.0,0.0,0.0,1058.0
"de Ligt, A.",0.0,0.0,0.0,0.0,0.0,0.0,0.0,0.0,0.0,0.0,0.0,0.0,1058.0
"de Pengu, A.",0.0,0.0,0.0,0.0,0.0,0.0,0.0,0.0,0.0,0.0,0.0,0.0,1058.0
"Works, S.",0.0,0.0,0.0,0.0,0.0,0.0,0.0,0.0,0.0,0.0,0.0,0.0,1058.0
"Woods, S.",0.0,0.0,0.0,0.0,0.0,0.0,0.0,0.0,0.0,0.0,0.0,0.0,1058.0
"Richter, Z.",0.0,0.0,0.0,0.0,0.0,0.0,0.0,0.0,0.0,0.0,0.0,0.0,1058.0
"Woodham, A.",0.0,0.0,0.0,0.0,0.0,0.0,0.0,0.0,0.0,0.0,0.0,0.0,1058.0
"Weller, B.",0.0,0.0,0.0,0.0,0.0,0.0,0.0,0.0,0.0,0.0,0.0,0.0,1058.0
"Richards, E.",0.0,0.0,0.0,0.0,0.0,0.0,0.0,0.0,0.0,0.0,0.0,0.0,1058.0
"Wesson, D.",0.0,0.0,0.0,0.0,0.0,0.0,0.0,0.0,0.0,0.0,0.0,0.0,1058.0
"Retro, G.",0.0,0.0,0.0,0.0,0.0,0.0,0.0,0.0,0.0,0.0,0.0,0.0,1058.0
"Wheezer, C.",0.0,0.0,0.0,0.0,0.0,0.0,0.0,0.0,0.0,0.0,0.0,0.0,1058.0
"Willey, M.",0.0,0.0,0.0,0.0,0.0,0.0,0.0,0.0,0.0,0.0,0.0,0.0,1058.0
"Williams VII, S.",0.0,0.0,0.0,0.0,0.0,0.0,0.0,0.0,0.0,0.0,0.0,0.0,1058.0
"Rchonsucks, A.",0.0,0.0,0.0,0.0,0.0,0.0,0.0,0.0,0.0,0.0,0.0,0.0,1058.0
"Rchon, A.",0.0,0.0,0.0,0.0,0.0,0.0,0.0,0.0,0.0,0.0,0.0,0.0,1058.0
"Williams, R.",0.0,0.0,0.0,0.0,0.0,0.0,0.0,0.0,0.0,0.0,0.0,0.0,1058.0
"Rax, L.",0.0,0.0,0.0,0.0,0.0,0.0,0.0,0.0,0.0,0.0,0.0,0.0,1058.0
"Willis, T.",0.0,0.0,0.0,0.0,0.0,0.0,0.0,0.0,0.0,0.0,0.0,0.0,1058.0
"Winchester, A.",0.0,0.0,0.0,0.0,0.0,0.0,0.0,0.0,0.0,0.0,0.0,0.0,1058.0
"Ranger, A.",0.0,0.0,0.0,0.0,0.0,0.0,0.0,0.0,0.0,0.0,0.0,0.0,1058.0
"Robertowski, G.",0.0,0.0,0.0,0.0,0.0,0.0,0.0,0.0,0.0,0.0,0.0,0.0,1058.0
"Ramrio, M.",0.0,0.0,0.0,0.0,0.0,0.0,0.0,0.0,0.0,0.0,0.0,0.0,1058.0
"Ramero, R.",0.0,0.0,0.0,0.0,0.0,0.0,0.0,0.0,0.0,0.0,0.0,0.0,1058.0
"Wojcik, B.",0.0,0.0,0.0,0.0,0.0,0.0,0.0,0.0,0.0,0.0,0.0,0.0,1058.0
"Wokkenfuss, G.",0.0,0.0,0.0,0.0,0.0,0.0,0.0,0.0,0.0,0.0,0.0,0.0,1058.0
"Walker, M.",0.0,0.0,0.0,0.0,0.0,0.0,0.0,0.0,0.0,0.0,0.0,0.0,1058.0
"RunMachine4, Z.",0.0,0.0,0.0,0.0,0.0,0.0,0.0,0.0,0.0,0.0,0.0,0.0,1058.0
"Roberts, B.",0.0,0.0,0.0,0.0,0.0,0.0,0.0,0.0,0.0,0.0,0.0,0.0,1058.0
"Robicheaux, D.",0.0,0.0,0.0,0.0,0.0,0.0,0.0,0.0,0.0,0.0,0.0,0.0,1058.0
"Skinner, Z.",0.0,0.0,0.0,0.0,0.0,0.0,0.0,0.0,0.0,0.0,0.0,0.0,1058.0
"Syracuse, I.",0.0,0.0,0.0,0.0,0.0,0.0,0.0,0.0,0.0,0.0,0.0,0.0,1058.0
"Tackle, L.",0.0,0.0,0.0,0.0,0.0,0.0,0.0,0.0,0.0,0.0,0.0,0.0,1058.0
"Tackle, R.",0.0,0.0,0.0,0.0,0.0,0.0,0.0,0.0,0.0,0.0,0.0,0.0,1058.0
"Skidmarks, S.",0.0,0.0,0.0,0.0,0.0,0.0,0.0,0.0,0.0,0.0,0.0,0.0,1058.0
"Skarsgard, T.",0.0,0.0,0.0,0.0,0.0,0.0,0.0,0.0,0.0,0.0,0.0,0.0,1058.0
"Tacktheritrix, J.",0.0,0.0,0.0,0.0,0.0,0.0,0.0,0.0,0.0,0.0,0.0,0.0,1058.0
"Tank, G.",0.0,0.0,0.0,0.0,0.0,0.0,0.0,0.0,0.0,0.0,0.0,0.0,1058.0
"Simwell, L.",0.0,0.0,0.0,0.0,0.0,0.0,0.0,0.0,0.0,0.0,0.0,0.0,1058.0
"Taylor, B.",0.0,0.0,0.0,0.0,0.0,0.0,0.0,0.0,0.0,0.0,0.0,0.0,1058.0
"Sierra, R.",0.0,0.0,0.0,0.0,0.0,0.0,0.0,0.0,0.0,0.0,0.0,0.0,1058.0
"Shroeder, J.",0.0,0.0,0.0,0.0,0.0,0.0,0.0,0.0,0.0,0.0,0.0,0.0,1058.0
"Showcase, S.",0.0,0.0,0.0,0.0,0.0,0.0,0.0,0.0,0.0,0.0,0.0,0.0,1058.0
"Shields, T.",0.0,0.0,0.0,0.0,0.0,0.0,0.0,0.0,0.0,0.0,0.0,0.0,1058.0
"Taylor, G.",0.0,0.0,0.0,0.0,0.0,0.0,0.0,0.0,0.0,0.0,0.0,0.0,1058.0
"Teagarden, E.",0.0,0.0,0.0,0.0,0.0,0.0,0.0,0.0,0.0,0.0,0.0,0.0,1058.0
"Tebow, T.",0.0,0.0,0.0,0.0,0.0,0.0,0.0,0.0,0.0,0.0,0.0,0.0,1058.0
"Shelton, L.",0.0,0.0,0.0,0.0,0.0,0.0,0.0,0.0,0.0,0.0,0.0,0.0,1058.0
"Sharpei, V.",0.0,0.0,0.0,0.0,0.0,0.0,0.0,0.0,0.0,0.0,0.0,0.0,1058.0
"Tell, W.",0.0,0.0,0.0,0.0,0.0,0.0,0.0,0.0,0.0,0.0,0.0,0.0,1058.0
"Thebaw, S.",0.0,0.0,0.0,0.0,0.0,0.0,0.0,0.0,0.0,0.0,0.0,0.0,1058.0
"Sharp, B.",0.0,0.0,0.0,0.0,0.0,0.0,0.0,0.0,0.0,0.0,0.0,0.0,1058.0
"Thomas, A.",0.0,0.0,0.0,0.0,0.0,0.0,0.0,0.0,0.0,0.0,0.0,0.0,1058.0
"Sexjoke, A.",0.0,0.0,0.0,0.0,0.0,0.0,0.0,0.0,0.0,0.0,0.0,0.0,1058.0
"Thomas, S.",0.0,0.0,0.0,0.0,0.0,0.0,0.0,0.0,0.0,0.0,0.0,0.0,1058.0
"Selich, A.",0.0,0.0,0.0,0.0,0.0,0.0,0.0,0.0,0.0,0.0,0.0,0.0,1058.0
"Thomaslacher, B.",0.0,0.0,0.0,0.0,0.0,0.0,0.0,0.0,0.0,0.0,0.0,0.0,1058.0
"Skiuuup, C.",0.0,0.0,0.0,0.0,0.0,0.0,0.0,0.0,0.0,0.0,0.0,0.0,1058.0
"Skywalker, L.",0.0,0.0,0.0,0.0,0.0,0.0,0.0,0.0,0.0,0.0,0.0,0.0,1058.0
"Slax, G.",0.0,0.0,0.0,0.0,0.0,0.0,0.0,0.0,0.0,0.0,0.0,0.0,1058.0
"Smyles, L.",0.0,0.0,0.0,0.0,0.0,0.0,0.0,0.0,0.0,0.0,0.0,0.0,1058.0
"Stackinpaper, B.",0.0,0.0,0.0,0.0,0.0,0.0,0.0,0.0,0.0,0.0,0.0,0.0,1058.0
"Steele, R.",0.0,0.0,0.0,0.0,0.0,0.0,0.0,0.0,0.0,0.0,0.0,0.0,1058.0
"Springfield, J.",0.0,0.0,0.0,0.0,0.0,0.0,0.0,0.0,0.0,0.0,0.0,0.0,1058.0
"Sphincter, A.",0.0,0.0,0.0,0.0,0.0,0.0,0.0,0.0,0.0,0.0,0.0,0.0,1058.0
"Spencer, A.",0.0,0.0,0.0,0.0,0.0,0.0,0.0,0.0,0.0,0.0,0.0,0.0,1058.0
"Stephens, W.",0.0,0.0,0.0,0.0,0.0,0.0,0.0,0.0,0.0,0.0,0.0,0.0,1058.0
"Sternenstaub, S.",0.0,0.0,0.0,0.0,0.0,0.0,0.0,0.0,0.0,0.0,0.0,0.0,1058.0
"Spearhead, J.",0.0,0.0,0.0,0.0,0.0,0.0,0.0,0.0,0.0,0.0,0.0,0.0,1058.0
"Steve, R.",0.0,0.0,0.0,0.0,0.0,0.0,0.0,0.0,0.0,0.0,0.0,0.0,1058.0
"Spaghetti, Y.",0.0,0.0,0.0,0.0,0.0,0.0,0.0,0.0,0.0,0.0,0.0,0.0,1058.0
"StoneHandsBot, Z.",0.0,0.0,0.0,0.0,0.0,0.0,0.0,0.0,0.0,0.0,0.0,0.0,1058.0
"Snider, N.",0.0,0.0,0.0,0.0,0.0,0.0,0.0,0.0,0.0,0.0,0.0,0.0,1058.0
"Smoothie, E.",0.0,0.0,0.0,0.0,0.0,0.0,0.0,0.0,0.0,0.0,0.0,0.0,1058.0
"Sweets, C.",0.0,0.0,0.0,0.0,0.0,0.0,0.0,0.0,0.0,0.0,0.0,0.0,1058.0
"Smith, W.",0.0,0.0,0.0,0.0,0.0,0.0,0.0,0.0,0.0,0.0,0.0,0.0,1058.0
"Strike, M.",0.0,0.0,0.0,0.0,0.0,0.0,0.0,0.0,0.0,0.0,0.0,0.0,1058.0
"Smith, J.",0.0,0.0,0.0,0.0,0.0,0.0,0.0,0.0,0.0,0.0,0.0,0.0,1058.0
"Smirh, J.",0.0,0.0,0.0,0.0,0.0,0.0,0.0,0.0,0.0,0.0,0.0,0.0,1058.0
"Smart, M.",0.0,0.0,0.0,0.0,0.0,0.0,0.0,0.0,0.0,0.0,0.0,0.0,1058.0
"StrongSafety5, Z.",0.0,0.0,0.0,0.0,0.0,0.0,0.0,0.0,0.0,0.0,0.0,0.0,1058.0
"StrongSafety8, Z.",0.0,0.0,0.0,0.0,0.0,0.0,0.0,0.0,0.0,0.0,0.0,0.0,1058.0
"Summers, H.",0.0,0.0,0.0,0.0,0.0,0.0,0.0,0.0,0.0,0.0,0.0,0.0,1058.0
"Sly, G.",0.0,0.0,0.0,0.0,0.0,0.0,0.0,0.0,0.0,0.0,0.0,0.0,1058.0
"SlowBot, Z.",0.0,0.0,0.0,0.0,0.0,0.0,0.0,0.0,0.0,0.0,0.0,0.0,1058.0
"Slothlisberger, B.",0.0,0.0,0.0,0.0,0.0,0.0,0.0,0.0,0.0,0.0,0.0,0.0,1058.0
"Suzuki, S.",0.0,0.0,0.0,0.0,0.0,0.0,0.0,0.0,0.0,0.0,0.0,0.0,1058.0
"Thor, L.",0.0,0.0,0.0,0.0,0.0,0.0,0.0,0.0,0.0,0.0,0.0,0.0,1058.0
"Schmecondary2, Z.",0.0,0.0,0.0,0.0,0.0,0.0,0.0,0.0,0.0,0.0,0.0,0.0,1058.0
"Schell, A.",0.0,0.0,0.0,0.0,0.0,0.0,0.0,0.0,0.0,0.0,0.0,0.0,1058.0
"Vega, Z.",0.0,0.0,0.0,0.0,0.0,0.0,0.0,0.0,0.0,0.0,0.0,0.0,1058.0
"Steele, C.",0.0,0.0,0.0,0.0,0.0,0.0,0.0,0.0,0.0,0.0,0.0,0.0,1058.0
"Uchiha, L.",0.0,0.0,0.0,0.0,0.0,0.0,0.0,0.0,0.0,0.0,0.0,0.0,1058.0
"RunBot2, Z.",0.0,0.0,0.0,0.0,0.0,0.0,0.0,0.0,0.0,0.0,0.0,0.0,1058.0
"Ulysses, B.",0.0,0.0,0.0,0.0,0.0,0.0,0.0,0.0,0.0,0.0,0.0,0.0,1058.0
"Ruffins, K.",0.0,0.0,0.0,0.0,0.0,0.0,0.0,0.0,0.0,0.0,0.0,0.0,1058.0
"Unk, J.",0.0,0.0,0.0,0.0,0.0,0.0,0.0,0.0,0.0,0.0,0.0,0.0,1058.0
"Varga, T.",0.0,0.0,0.0,0.0,0.0,0.0,0.0,0.0,0.0,0.0,0.0,0.0,1058.0
"Vassallo, S.",0.0,0.0,0.0,0.0,0.0,0.0,0.0,0.0,0.0,0.0,0.0,0.0,1058.0
"Ruckus, B.",0.0,0.0,0.0,0.0,0.0,0.0,0.0,0.0,0.0,0.0,0.0,0.0,1058.0
"Vaughne, R.",0.0,0.0,0.0,0.0,0.0,0.0,0.0,0.0,0.0,0.0,0.0,0.0,1058.0
"Rucker, R.",0.0,0.0,0.0,0.0,0.0,0.0,0.0,0.0,0.0,0.0,0.0,0.0,1058.0
"Rucker, F.",0.0,0.0,0.0,0.0,0.0,0.0,0.0,0.0,0.0,0.0,0.0,0.0,1058.0
"Rowland, A.",0.0,0.0,0.0,0.0,0.0,0.0,0.0,0.0,0.0,0.0,0.0,0.0,1058.0
"Two, B.",0.0,0.0,0.0,0.0,0.0,0.0,0.0,0.0,0.0,0.0,0.0,0.0,1058.0
"Verden, J.",0.0,0.0,0.0,0.0,0.0,0.0,0.0,0.0,0.0,0.0,0.0,0.0,1058.0
"Vibrations, F.",0.0,0.0,0.0,0.0,0.0,0.0,0.0,0.0,0.0,0.0,0.0,0.0,1058.0
"Roll, J.",0.0,0.0,0.0,0.0,0.0,0.0,0.0,0.0,0.0,0.0,0.0,0.0,1058.0
"Rok, R.",0.0,0.0,0.0,0.0,0.0,0.0,0.0,0.0,0.0,0.0,0.0,0.0,1058.0
"Rogers, S.",0.0,0.0,0.0,0.0,0.0,0.0,0.0,0.0,0.0,0.0,0.0,0.0,1058.0
"Rodriguez, G.",0.0,0.0,0.0,0.0,0.0,0.0,0.0,0.0,0.0,0.0,0.0,0.0,1058.0
"Virtanen, M.",0.0,0.0,0.0,0.0,0.0,0.0,0.0,0.0,0.0,0.0,0.0,0.0,1058.0
"Von Gerhardt, O.",0.0,0.0,0.0,0.0,0.0,0.0,0.0,0.0,0.0,0.0,0.0,0.0,1058.0
"VonPebbles, M.",0.0,0.0,0.0,0.0,0.0,0.0,0.0,0.0,0.0,0.0,0.0,0.0,1058.0
"Waiters, A.",0.0,0.0,0.0,0.0,0.0,0.0,0.0,0.0,0.0,0.0,0.0,0.0,1058.0
"Robotman, C.",0.0,0.0,0.0,0.0,0.0,0.0,0.0,0.0,0.0,0.0,0.0,0.0,1058.0
"Walker, C.",0.0,0.0,0.0,0.0,0.0,0.0,0.0,0.0,0.0,0.0,0.0,0.0,1058.0
"Tyler, J.",0.0,0.0,0.0,0.0,0.0,0.0,0.0,0.0,0.0,0.0,0.0,0.0,1058.0
"Runner2, Z.",0.0,0.0,0.0,0.0,0.0,0.0,0.0,0.0,0.0,0.0,0.0,0.0,1058.0
"Thornton, B.",0.0,0.0,0.0,0.0,0.0,0.0,0.0,0.0,0.0,0.0,0.0,0.0,1058.0
"SafeStrongBot, Z.",0.0,0.0,0.0,0.0,0.0,0.0,0.0,0.0,0.0,0.0,0.0,0.0,1058.0
"Thumper, B.",0.0,0.0,0.0,0.0,0.0,0.0,0.0,0.0,0.0,0.0,0.0,0.0,1058.0
"Saurus, B.",0.0,0.0,0.0,0.0,0.0,0.0,0.0,0.0,0.0,0.0,0.0,0.0,1058.0
"Timlin, S.",0.0,0.0,0.0,0.0,0.0,0.0,0.0,0.0,0.0,0.0,0.0,0.0,1058.0
"Saul, C.",0.0,0.0,0.0,0.0,0.0,0.0,0.0,0.0,0.0,0.0,0.0,0.0,1058.0
"Sandoval, R.",0.0,0.0,0.0,0.0,0.0,0.0,0.0,0.0,0.0,0.0,0.0,0.0,1058.0
"Sanchez, P.",0.0,0.0,0.0,0.0,0.0,0.0,0.0,0.0,0.0,0.0,0.0,0.0,1058.0
"Sanchez, I.",0.0,0.0,0.0,0.0,0.0,0.0,0.0,0.0,0.0,0.0,0.0,0.0,1058.0
"Toblerone, M.",0.0,0.0,0.0,0.0,0.0,0.0,0.0,0.0,0.0,0.0,0.0,0.0,1058.0
"Salami, T.",0.0,0.0,0.0,0.0,0.0,0.0,0.0,0.0,0.0,0.0,0.0,0.0,1058.0
"Tomlinson, A.",0.0,0.0,0.0,0.0,0.0,0.0,0.0,0.0,0.0,0.0,0.0,0.0,1058.0
"Tony, P.",0.0,0.0,0.0,0.0,0.0,0.0,0.0,0.0,0.0,0.0,0.0,0.0,1058.0
"Saginaw, A.",0.0,0.0,0.0,0.0,0.0,0.0,0.0,0.0,0.0,0.0,0.0,0.0,1058.0
"Towers, J.",0.0,0.0,0.0,0.0,0.0,0.0,0.0,0.0,0.0,0.0,0.0,0.0,1058.0
"Runner26, Z.",0.0,0.0,0.0,0.0,0.0,0.0,0.0,0.0,0.0,0.0,0.0,0.0,1058.0
"Townsend, F.",0.0,0.0,0.0,0.0,0.0,0.0,0.0,0.0,0.0,0.0,0.0,0.0,1058.0
"Tremblay, S.",0.0,0.0,0.0,0.0,0.0,0.0,0.0,0.0,0.0,0.0,0.0,0.0,1058.0
"Sackless, S.",0.0,0.0,0.0,0.0,0.0,0.0,0.0,0.0,0.0,0.0,0.0,0.0,1058.0
"Sackerman, F.",0.0,0.0,0.0,0.0,0.0,0.0,0.0,0.0,0.0,0.0,0.0,0.0,1058.0
"Sachs, J.",0.0,0.0,0.0,0.0,0.0,0.0,0.0,0.0,0.0,0.0,0.0,0.0,1058.0
"SBot, Z.",0.0,0.0,0.0,0.0,0.0,0.0,0.0,0.0,0.0,0.0,0.0,0.0,1058.0
"Tu'inukuafe, B.",0.0,0.0,0.0,0.0,0.0,0.0,0.0,0.0,0.0,0.0,0.0,0.0,1058.0
"Tucker Jr., P.",0.0,0.0,0.0,0.0,0.0,0.0,0.0,0.0,0.0,0.0,0.0,0.0,1058.0
"Ryeu, S.",0.0,0.0,0.0,0.0,0.0,0.0,0.0,0.0,0.0,0.0,0.0,0.0,1058.0
"Tucker, P.",0.0,0.0,0.0,0.0,0.0,0.0,0.0,0.0,0.0,0.0,0.0,0.0,1058.0
"Turner, J.",0.0,0.0,0.0,0.0,0.0,0.0,0.0,0.0,0.0,0.0,0.0,0.0,1058.0
"Ruschmann, A.",0.0,0.0,0.0,0.0,0.0,0.0,0.0,0.0,0.0,0.0,0.0,0.0,1058.0
"Star, L.",0.0,0.0,0.0,0.0,0.0,0.0,0.0,0.0,0.0,0.0,0.0,0.0,1058.0
"A'Barelyanything, L.",0.0,0.0,0.0,0.0,0.0,0.0,0.0,0.0,0.0,0.0,0.0,0.0,1058.0
"Pierce, L.",0.0,0.0,0.0,0.0,0.0,0.0,0.0,0.0,0.0,0.0,0.0,0.0,1058.0
"Davidson, D.",0.0,0.0,0.0,0.0,0.0,0.0,0.0,0.0,0.0,0.0,0.0,0.0,1058.0
"Crocker, B.",0.0,0.0,0.0,0.0,0.0,0.0,0.0,0.0,0.0,0.0,0.0,0.0,1058.0
"Cross, M.",0.0,0.0,0.0,0.0,0.0,0.0,0.0,0.0,0.0,0.0,0.0,0.0,1058.0
"Crowder, R.",0.0,0.0,0.0,0.0,0.0,0.0,0.0,0.0,0.0,0.0,0.0,0.0,1058.0
"Crunk, T.",0.0,0.0,0.0,0.0,0.0,0.0,0.0,0.0,0.0,0.0,0.0,0.0,1058.0
"Culbertson, R.",0.0,0.0,0.0,0.0,0.0,0.0,0.0,0.0,0.0,0.0,0.0,0.0,1058.0
"Damian-Luna, B.",0.0,0.0,0.0,0.0,0.0,0.0,0.0,0.0,0.0,0.0,0.0,0.0,1058.0
"Danger, H.",0.0,0.0,0.0,0.0,0.0,0.0,0.0,0.0,0.0,0.0,0.0,0.0,1058.0
"David, M.",0.0,0.0,0.0,0.0,0.0,0.0,0.0,0.0,0.0,0.0,0.0,0.0,1058.0
"De Ville, D.",0.0,0.0,0.0,0.0,0.0,0.0,0.0,0.0,0.0,0.0,0.0,0.0,1058.0
"Piazza, N.",0.0,0.0,0.0,0.0,0.0,0.0,0.0,0.0,0.0,0.0,0.0,0.0,1058.0
"DeSoto, J.",0.0,0.0,0.0,0.0,0.0,0.0,0.0,0.0,0.0,0.0,0.0,0.0,1058.0
"Deck, I.",0.0,0.0,0.0,0.0,0.0,0.0,0.0,0.0,0.0,0.0,0.0,0.0,1058.0
"Devitt, R.",0.0,0.0,0.0,0.0,0.0,0.0,0.0,0.0,0.0,0.0,0.0,0.0,1058.0
"Diggler, D.",0.0,0.0,0.0,0.0,0.0,0.0,0.0,0.0,0.0,0.0,0.0,0.0,1058.0
"Dillmiballs, F.",0.0,0.0,0.0,0.0,0.0,0.0,0.0,0.0,0.0,0.0,0.0,0.0,1058.0
"Dinkley, V.",0.0,0.0,0.0,0.0,0.0,0.0,0.0,0.0,0.0,0.0,0.0,0.0,1058.0
"Dodggy, B.",0.0,0.0,0.0,0.0,0.0,0.0,0.0,0.0,0.0,0.0,0.0,0.0,1058.0
"Doe, B.",0.0,0.0,0.0,0.0,0.0,0.0,0.0,0.0,0.0,0.0,0.0,0.0,1058.0
"Crane, F.",0.0,0.0,0.0,0.0,0.0,0.0,0.0,0.0,0.0,0.0,0.0,0.0,1058.0
"Cox, V.",0.0,0.0,0.0,0.0,0.0,0.0,0.0,0.0,0.0,0.0,0.0,0.0,1058.0
"Cox, P.",0.0,0.0,0.0,0.0,0.0,0.0,0.0,0.0,0.0,0.0,0.0,0.0,1058.0
"Cooper, T.",0.0,0.0,0.0,0.0,0.0,0.0,0.0,0.0,0.0,0.0,0.0,0.0,1058.0
"CatchMachine9, Z.",0.0,0.0,0.0,0.0,0.0,0.0,0.0,0.0,0.0,0.0,0.0,0.0,1058.0
"Catchem5, Z.",0.0,0.0,0.0,0.0,0.0,0.0,0.0,0.0,0.0,0.0,0.0,0.0,1058.0
"Catchem9, Z.",0.0,0.0,0.0,0.0,0.0,0.0,0.0,0.0,0.0,0.0,0.0,0.0,1058.0
"Centre, S.",0.0,0.0,0.0,0.0,0.0,0.0,0.0,0.0,0.0,0.0,0.0,0.0,1058.0
"Chains, J.",0.0,0.0,0.0,0.0,0.0,0.0,0.0,0.0,0.0,0.0,0.0,0.0,1058.0
"Chambers III, C.",0.0,0.0,0.0,0.0,0.0,0.0,0.0,0.0,0.0,0.0,0.0,0.0,1058.0
"Charlton, E.",0.0,0.0,0.0,0.0,0.0,0.0,0.0,0.0,0.0,0.0,0.0,0.0,1058.0
"Chestnut III, W.",0.0,0.0,0.0,0.0,0.0,0.0,0.0,0.0,0.0,0.0,0.0,0.0,1058.0
"Cho, J.",0.0,0.0,0.0,0.0,0.0,0.0,0.0,0.0,0.0,0.0,0.0,0.0,1058.0
"Chunk, L.",0.0,0.0,0.0,0.0,0.0,0.0,0.0,0.0,0.0,0.0,0.0,0.0,1058.0
"Clark, T.",0.0,0.0,0.0,0.0,0.0,0.0,0.0,0.0,0.0,0.0,0.0,0.0,1058.0
"Claxton, S.",0.0,0.0,0.0,0.0,0.0,0.0,0.0,0.0,0.0,0.0,0.0,0.0,1058.0
"Clegane, G.",0.0,0.0,0.0,0.0,0.0,0.0,0.0,0.0,0.0,0.0,0.0,0.0,1058.0
"Clemente, C.",0.0,0.0,0.0,0.0,0.0,0.0,0.0,0.0,0.0,0.0,0.0,0.0,1058.0
"Cloudera, Y.",0.0,0.0,0.0,0.0,0.0,0.0,0.0,0.0,0.0,0.0,0.0,0.0,1058.0
"Cobalt, R.",0.0,0.0,0.0,0.0,0.0,0.0,0.0,0.0,0.0,0.0,0.0,0.0,1058.0
"Collins, V.",0.0,0.0,0.0,0.0,0.0,0.0,0.0,0.0,0.0,0.0,0.0,0.0,1058.0
"Doo, S.",0.0,0.0,0.0,0.0,0.0,0.0,0.0,0.0,0.0,0.0,0.0,0.0,1058.0
"Dookmarriot, L.",0.0,0.0,0.0,0.0,0.0,0.0,0.0,0.0,0.0,0.0,0.0,0.0,1058.0
"Down, D.",0.0,0.0,0.0,0.0,0.0,0.0,0.0,0.0,0.0,0.0,0.0,0.0,1058.0
"FatTackle9, Z.",0.0,0.0,0.0,0.0,0.0,0.0,0.0,0.0,0.0,0.0,0.0,0.0,1058.0
"Felix, L.",0.0,0.0,0.0,0.0,0.0,0.0,0.0,0.0,0.0,0.0,0.0,0.0,1058.0
"Fields, G.",0.0,0.0,0.0,0.0,0.0,0.0,0.0,0.0,0.0,0.0,0.0,0.0,1058.0
"Fillmore, M.",0.0,0.0,0.0,0.0,0.0,0.0,0.0,0.0,0.0,0.0,0.0,0.0,1058.0
"Fisher, C.",0.0,0.0,0.0,0.0,0.0,0.0,0.0,0.0,0.0,0.0,0.0,0.0,1058.0
"Fisher, G.",0.0,0.0,0.0,0.0,0.0,0.0,0.0,0.0,0.0,0.0,0.0,0.0,1058.0
"Fitzfatrick, R.",0.0,0.0,0.0,0.0,0.0,0.0,0.0,0.0,0.0,0.0,0.0,0.0,1058.0
"Fort, F.",0.0,0.0,0.0,0.0,0.0,0.0,0.0,0.0,0.0,0.0,0.0,0.0,1058.0
"Foster, D.",0.0,0.0,0.0,0.0,0.0,0.0,0.0,0.0,0.0,0.0,0.0,0.0,1058.0
"Foster, W.",0.0,0.0,0.0,0.0,0.0,0.0,0.0,0.0,0.0,0.0,0.0,0.0,1058.0
"Franchet, M.",0.0,0.0,0.0,0.0,0.0,0.0,0.0,0.0,0.0,0.0,0.0,0.0,1058.0
"FreeSafetyBot, Z.",0.0,0.0,0.0,0.0,0.0,0.0,0.0,0.0,0.0,0.0,0.0,0.0,1058.0
"Freesafety, B.",0.0,0.0,0.0,0.0,0.0,0.0,0.0,0.0,0.0,0.0,0.0,0.0,1058.0
"Fuller4, Z.",0.0,0.0,0.0,0.0,0.0,0.0,0.0,0.0,0.0,0.0,0.0,0.0,1058.0
"Gabagool, T.",0.0,0.0,0.0,0.0,0.0,0.0,0.0,0.0,0.0,0.0,0.0,0.0,1058.0
"Garrad, S.",0.0,0.0,0.0,0.0,0.0,0.0,0.0,0.0,0.0,0.0,0.0,0.0,1058.0
"Gimmy, I.",0.0,0.0,0.0,0.0,0.0,0.0,0.0,0.0,0.0,0.0,0.0,0.0,1058.0
"Ginsberg, D.",0.0,0.0,0.0,0.0,0.0,0.0,0.0,0.0,0.0,0.0,0.0,0.0,1058.0
"Faux, B.",0.0,0.0,0.0,0.0,0.0,0.0,0.0,0.0,0.0,0.0,0.0,0.0,1058.0
"FatTackle5, Z.",0.0,0.0,0.0,0.0,0.0,0.0,0.0,0.0,0.0,0.0,0.0,0.0,1058.0
"Drake, J.",0.0,0.0,0.0,0.0,0.0,0.0,0.0,0.0,0.0,0.0,0.0,0.0,1058.0
"FatTackle13, Z.",0.0,0.0,0.0,0.0,0.0,0.0,0.0,0.0,0.0,0.0,0.0,0.0,1058.0
"Draxel, V.",0.0,0.0,0.0,0.0,0.0,0.0,0.0,0.0,0.0,0.0,0.0,0.0,1058.0
"Dwyer, J.",0.0,0.0,0.0,0.0,0.0,0.0,0.0,0.0,0.0,0.0,0.0,0.0,1058.0
"Eagle, R.",0.0,0.0,0.0,0.0,0.0,0.0,0.0,0.0,0.0,0.0,0.0,0.0,1058.0
"Earl, B.",0.0,0.0,0.0,0.0,0.0,0.0,0.0,0.0,0.0,0.0,0.0,0.0,1058.0
"Eat, M.",0.0,0.0,0.0,0.0,0.0,0.0,0.0,0.0,0.0,0.0,0.0,0.0,1058.0
"Ebris, D.",0.0,0.0,0.0,0.0,0.0,0.0,0.0,0.0,0.0,0.0,0.0,0.0,1058.0
"Edd, B.",0.0,0.0,0.0,0.0,0.0,0.0,0.0,0.0,0.0,0.0,0.0,0.0,1058.0
"Edmond, H.",0.0,0.0,0.0,0.0,0.0,0.0,0.0,0.0,0.0,0.0,0.0,0.0,1058.0
"Egghands, T.",0.0,0.0,0.0,0.0,0.0,0.0,0.0,0.0,0.0,0.0,0.0,0.0,1058.0
"Eller, A.",0.0,0.0,0.0,0.0,0.0,0.0,0.0,0.0,0.0,0.0,0.0,0.0,1058.0
"EndTight, Z.",0.0,0.0,0.0,0.0,0.0,0.0,0.0,0.0,0.0,0.0,0.0,0.0,1058.0
"Ennis, B.",0.0,0.0,0.0,0.0,0.0,0.0,0.0,0.0,0.0,0.0,0.0,0.0,1058.0
"Ernston, H.",0.0,0.0,0.0,0.0,0.0,0.0,0.0,0.0,0.0,0.0,0.0,0.0,1058.0
"Fank, H.",0.0,0.0,0.0,0.0,0.0,0.0,0.0,0.0,0.0,0.0,0.0,0.0,1058.0
"Fassingit, H.",0.0,0.0,0.0,0.0,0.0,0.0,0.0,0.0,0.0,0.0,0.0,0.0,1058.0
"FatBot, Z.",0.0,0.0,0.0,0.0,0.0,0.0,0.0,0.0,0.0,0.0,0.0,0.0,1058.0
"FatTackle12, Z.",0.0,0.0,0.0,0.0,0.0,0.0,0.0,0.0,0.0,0.0,0.0,0.0,1058.0
"CatchMachine18, Z.",0.0,0.0,0.0,0.0,0.0,0.0,0.0,0.0,0.0,0.0,0.0,0.0,1058.0
"CatchMachine17, Z.",0.0,0.0,0.0,0.0,0.0,0.0,0.0,0.0,0.0,0.0,0.0,0.0,1058.0
"Castle, S.",0.0,0.0,0.0,0.0,0.0,0.0,0.0,0.0,0.0,0.0,0.0,0.0,1058.0
"BackerBot40, Z.",0.0,0.0,0.0,0.0,0.0,0.0,0.0,0.0,0.0,0.0,0.0,0.0,1058.0
"Backerbot9, Z.",0.0,0.0,0.0,0.0,0.0,0.0,0.0,0.0,0.0,0.0,0.0,0.0,1058.0
"Bacon, T.",0.0,0.0,0.0,0.0,0.0,0.0,0.0,0.0,0.0,0.0,0.0,0.0,1058.0
"Bagwell, N.",0.0,0.0,0.0,0.0,0.0,0.0,0.0,0.0,0.0,0.0,0.0,0.0,1058.0
"Bailey, Z.",0.0,0.0,0.0,0.0,0.0,0.0,0.0,0.0,0.0,0.0,0.0,0.0,1058.0
"Baldari, F.",0.0,0.0,0.0,0.0,0.0,0.0,0.0,0.0,0.0,0.0,0.0,0.0,1058.0
"Banks, J.",0.0,0.0,0.0,0.0,0.0,0.0,0.0,0.0,0.0,0.0,0.0,0.0,1058.0
"Barnhardt, B.",0.0,0.0,0.0,0.0,0.0,0.0,0.0,0.0,0.0,0.0,0.0,0.0,1058.0
"Basketball2, Z.",0.0,0.0,0.0,0.0,0.0,0.0,0.0,0.0,0.0,0.0,0.0,0.0,1058.0
"Bass, L.",0.0,0.0,0.0,0.0,0.0,0.0,0.0,0.0,0.0,0.0,0.0,0.0,1058.0
"Baxter, D.",0.0,0.0,0.0,0.0,0.0,0.0,0.0,0.0,0.0,0.0,0.0,0.0,1058.0
"Bayley Jr., B.",0.0,0.0,0.0,0.0,0.0,0.0,0.0,0.0,0.0,0.0,0.0,0.0,1058.0
"Bean, S.",0.0,0.0,0.0,0.0,0.0,0.0,0.0,0.0,0.0,0.0,0.0,0.0,1058.0
"Beaner, S.",0.0,0.0,0.0,0.0,0.0,0.0,0.0,0.0,0.0,0.0,0.0,0.0,1058.0
"Beard, M.",0.0,0.0,0.0,0.0,0.0,0.0,0.0,0.0,0.0,0.0,0.0,0.0,1058.0
"Beat, N.",0.0,0.0,0.0,0.0,0.0,0.0,0.0,0.0,0.0,0.0,0.0,0.0,1058.0
"Beau-Boucher, B.",0.0,0.0,0.0,0.0,0.0,0.0,0.0,0.0,0.0,0.0,0.0,0.0,1058.0
"Beerus, L.",0.0,0.0,0.0,0.0,0.0,0.0,0.0,0.0,0.0,0.0,0.0,0.0,1058.0
"BackerBot6, Z.",0.0,0.0,0.0,0.0,0.0,0.0,0.0,0.0,0.0,0.0,0.0,0.0,1058.0
"BackerBot38, Z.",0.0,0.0,0.0,0.0,0.0,0.0,0.0,0.0,0.0,0.0,0.0,0.0,1058.0
"Bender, T.",0.0,0.0,0.0,0.0,0.0,0.0,0.0,0.0,0.0,0.0,0.0,0.0,1058.0
"BackerBot36, Z.",0.0,0.0,0.0,0.0,0.0,0.0,0.0,0.0,0.0,0.0,0.0,0.0,1058.0
"Adams, C.",0.0,0.0,0.0,0.0,0.0,0.0,0.0,0.0,0.0,0.0,0.0,0.0,1058.0
"Adams, X.",0.0,0.0,0.0,0.0,0.0,0.0,0.0,0.0,0.0,0.0,0.0,0.0,1058.0
"Alexander, N.",0.0,0.0,0.0,0.0,0.0,0.0,0.0,0.0,0.0,0.0,0.0,0.0,1058.0
"Allen, O.",0.0,0.0,0.0,0.0,0.0,0.0,0.0,0.0,0.0,0.0,0.0,0.0,1058.0
"Altidor, J.",0.0,0.0,0.0,0.0,0.0,0.0,0.0,0.0,0.0,0.0,0.0,0.0,1058.0
"Amir, A.",0.0,0.0,0.0,0.0,0.0,0.0,0.0,0.0,0.0,0.0,0.0,0.0,1058.0
"Amper, T.",0.0,0.0,0.0,0.0,0.0,0.0,0.0,0.0,0.0,0.0,0.0,0.0,1058.0
"Andres, J.",0.0,0.0,0.0,0.0,0.0,0.0,0.0,0.0,0.0,0.0,0.0,0.0,1058.0
"Andrews, H.",0.0,0.0,0.0,0.0,0.0,0.0,0.0,0.0,0.0,0.0,0.0,0.0,1058.0
"Annastesia, N.",0.0,0.0,0.0,0.0,0.0,0.0,0.0,0.0,0.0,0.0,0.0,0.0,1058.0
"Arbage, G.",0.0,0.0,0.0,0.0,0.0,0.0,0.0,0.0,0.0,0.0,0.0,0.0,1058.0
"Armstrong, L.",0.0,0.0,0.0,0.0,0.0,0.0,0.0,0.0,0.0,0.0,0.0,0.0,1058.0
"Arthur, C.",0.0,0.0,0.0,0.0,0.0,0.0,0.0,0.0,0.0,0.0,0.0,0.0,1058.0
"Arthur, K.",0.0,0.0,0.0,0.0,0.0,0.0,0.0,0.0,0.0,0.0,0.0,0.0,1058.0
"Asipi, A.",0.0,0.0,0.0,0.0,0.0,0.0,0.0,0.0,0.0,0.0,0.0,0.0,1058.0
"Austin, S.",0.0,0.0,0.0,0.0,0.0,0.0,0.0,0.0,0.0,0.0,0.0,0.0,1058.0
"Avery, E.",0.0,0.0,0.0,0.0,0.0,0.0,0.0,0.0,0.0,0.0,0.0,0.0,1058.0
"Belongwithme, H.",0.0,0.0,0.0,0.0,0.0,0.0,0.0,0.0,0.0,0.0,0.0,0.0,1058.0
"Bennett, A.",0.0,0.0,0.0,0.0,0.0,0.0,0.0,0.0,0.0,0.0,0.0,0.0,1058.0
"CantCatchBot, Z.",0.0,0.0,0.0,0.0,0.0,0.0,0.0,0.0,0.0,0.0,0.0,0.0,1058.0
"BotCantCatch, Z.",0.0,0.0,0.0,0.0,0.0,0.0,0.0,0.0,0.0,0.0,0.0,0.0,1058.0
"BotSafe, Z.",0.0,0.0,0.0,0.0,0.0,0.0,0.0,0.0,0.0,0.0,0.0,0.0,1058.0
"BotTight, Z.",0.0,0.0,0.0,0.0,0.0,0.0,0.0,0.0,0.0,0.0,0.0,0.0,1058.0
"Boucher, B.",0.0,0.0,0.0,0.0,0.0,0.0,0.0,0.0,0.0,0.0,0.0,0.0,1058.0
"Bowden, M.",0.0,0.0,0.0,0.0,0.0,0.0,0.0,0.0,0.0,0.0,0.0,0.0,1058.0
"Bowie, M.",0.0,0.0,0.0,0.0,0.0,0.0,0.0,0.0,0.0,0.0,0.0,0.0,1058.0
"Brackenridge, T.",0.0,0.0,0.0,0.0,0.0,0.0,0.0,0.0,0.0,0.0,0.0,0.0,1058.0
"Bradberton, J.",0.0,0.0,0.0,0.0,0.0,0.0,0.0,0.0,0.0,0.0,0.0,0.0,1058.0
"Brew, S.",0.0,0.0,0.0,0.0,0.0,0.0,0.0,0.0,0.0,0.0,0.0,0.0,1058.0
"Brill, J.",0.0,0.0,0.0,0.0,0.0,0.0,0.0,0.0,0.0,0.0,0.0,0.0,1058.0
"Brooks, D.",0.0,0.0,0.0,0.0,0.0,0.0,0.0,0.0,0.0,0.0,0.0,0.0,1058.0
"Brown, I.",0.0,0.0,0.0,0.0,0.0,0.0,0.0,0.0,0.0,0.0,0.0,0.0,1058.0
"Brown, J.",0.0,0.0,0.0,0.0,0.0,0.0,0.0,0.0,0.0,0.0,0.0,0.0,1058.0
"Brownce, B.",0.0,0.0,0.0,0.0,0.0,0.0,0.0,0.0,0.0,0.0,0.0,0.0,1058.0
"Bullard, T.",0.0,0.0,0.0,0.0,0.0,0.0,0.0,0.0,0.0,0.0,0.0,0.0,1058.0
"Burr-Kirven, J.",0.0,0.0,0.0,0.0,0.0,0.0,0.0,0.0,0.0,0.0,0.0,0.0,1058.0
"Button, Q.",0.0,0.0,0.0,0.0,0.0,0.0,0.0,0.0,0.0,0.0,0.0,0.0,1058.0
"Cameron, J.",0.0,0.0,0.0,0.0,0.0,0.0,0.0,0.0,0.0,0.0,0.0,0.0,1058.0
"BotCatcher, Z.",0.0,0.0,0.0,0.0,0.0,0.0,0.0,0.0,0.0,0.0,0.0,0.0,1058.0
"Bot, S.",0.0,0.0,0.0,0.0,0.0,0.0,0.0,0.0,0.0,0.0,0.0,0.0,1058.0
"Bercovici, J.",0.0,0.0,0.0,0.0,0.0,0.0,0.0,0.0,0.0,0.0,0.0,0.0,1058.0
"Boom, J.",0.0,0.0,0.0,0.0,0.0,0.0,0.0,0.0,0.0,0.0,0.0,0.0,1058.0
"Bessel, F.",0.0,0.0,0.0,0.0,0.0,0.0,0.0,0.0,0.0,0.0,0.0,0.0,1058.0
"BigCatchMachine4, Z.",0.0,0.0,0.0,0.0,0.0,0.0,0.0,0.0,0.0,0.0,0.0,0.0,1058.0
"Bigboy1, Z.",0.0,0.0,0.0,0.0,0.0,0.0,0.0,0.0,0.0,0.0,0.0,0.0,1058.0
"Bigboy10, Z.",0.0,0.0,0.0,0.0,0.0,0.0,0.0,0.0,0.0,0.0,0.0,0.0,1058.0
"Bigboy12, Z.",0.0,0.0,0.0,0.0,0.0,0.0,0.0,0.0,0.0,0.0,0.0,0.0,1058.0
"Bjornsson, B.",0.0,0.0,0.0,0.0,0.0,0.0,0.0,0.0,0.0,0.0,0.0,0.0,1058.0
"Bjrnsson, B.",0.0,0.0,0.0,0.0,0.0,0.0,0.0,0.0,0.0,0.0,0.0,0.0,1058.0
"Bjrnsson, B.",0.0,0.0,0.0,0.0,0.0,0.0,0.0,0.0,0.0,0.0,0.0,0.0,1058.0
"Blackstone, I.",0.0,0.0,0.0,0.0,0.0,0.0,0.0,0.0,0.0,0.0,0.0,0.0,1058.0
"Blade, B.",0.0,0.0,0.0,0.0,0.0,0.0,0.0,0.0,0.0,0.0,0.0,0.0,1058.0
"Blanco, B.",0.0,0.0,0.0,0.0,0.0,0.0,0.0,0.0,0.0,0.0,0.0,0.0,1058.0
"Blanket8, Z.",0.0,0.0,0.0,0.0,0.0,0.0,0.0,0.0,0.0,0.0,0.0,0.0,1058.0
"Block, T.",0.0,0.0,0.0,0.0,0.0,0.0,0.0,0.0,0.0,0.0,0.0,0.0,1058.0
"BlockBot, Z.",0.0,0.0,0.0,0.0,0.0,0.0,0.0,0.0,0.0,0.0,0.0,0.0,1058.0
"Blockley, C.",0.0,0.0,0.0,0.0,0.0,0.0,0.0,0.0,0.0,0.0,0.0,0.0,1058.0
"Bode, Q.",0.0,0.0,0.0,0.0,0.0,0.0,0.0,0.0,0.0,0.0,0.0,0.0,1058.0
"Bohne, D.",0.0,0.0,0.0,0.0,0.0,0.0,0.0,0.0,0.0,0.0,0.0,0.0,1058.0
"Goku, S.",0.0,0.0,0.0,0.0,0.0,0.0,0.0,0.0,0.0,0.0,0.0,0.0,1058.0
"Golladay, C.",0.0,0.0,0.0,0.0,0.0,0.0,0.0,0.0,0.0,0.0,0.0,0.0,1058.0
"Goodman, G.",0.0,0.0,0.0,0.0,0.0,0.0,0.0,0.0,0.0,0.0,0.0,0.0,1058.0
"Manclaw, C.",0.0,0.0,0.0,0.0,0.0,0.0,0.0,0.0,0.0,0.0,0.0,0.0,1058.0
"Mango-Panda, H.",0.0,0.0,0.0,0.0,0.0,0.0,0.0,0.0,0.0,0.0,0.0,0.0,1058.0
"Marchand, J.",0.0,0.0,0.0,0.0,0.0,0.0,0.0,0.0,0.0,0.0,0.0,0.0,1058.0
"Maric, D.",0.0,0.0,0.0,0.0,0.0,0.0,0.0,0.0,0.0,0.0,0.0,0.0,1058.0
"Marrett, O.",0.0,0.0,0.0,0.0,0.0,0.0,0.0,0.0,0.0,0.0,0.0,0.0,1058.0
"Masters, S.",0.0,0.0,0.0,0.0,0.0,0.0,0.0,0.0,0.0,0.0,0.0,0.0,1058.0
"Masvidal, J.",0.0,0.0,0.0,0.0,0.0,0.0,0.0,0.0,0.0,0.0,0.0,0.0,1058.0
"Maulolo, C.",0.0,0.0,0.0,0.0,0.0,0.0,0.0,0.0,0.0,0.0,0.0,0.0,1058.0
"Mbanefo, K.",0.0,0.0,0.0,0.0,0.0,0.0,0.0,0.0,0.0,0.0,0.0,0.0,1058.0
"McBrain, S.",0.0,0.0,0.0,0.0,0.0,0.0,0.0,0.0,0.0,0.0,0.0,0.0,1058.0
"McCann, J.",0.0,0.0,0.0,0.0,0.0,0.0,0.0,0.0,0.0,0.0,0.0,0.0,1058.0
"McCargue, B.",0.0,0.0,0.0,0.0,0.0,0.0,0.0,0.0,0.0,0.0,0.0,0.0,1058.0
"McCoy, C.",0.0,0.0,0.0,0.0,0.0,0.0,0.0,0.0,0.0,0.0,0.0,0.0,1058.0
"McGullager, T.",0.0,0.0,0.0,0.0,0.0,0.0,0.0,0.0,0.0,0.0,0.0,0.0,1058.0
"McGwire, A.",0.0,0.0,0.0,0.0,0.0,0.0,0.0,0.0,0.0,0.0,0.0,0.0,1058.0
"McKoutchie, M.",0.0,0.0,0.0,0.0,0.0,0.0,0.0,0.0,0.0,0.0,0.0,0.0,1058.0
"McNoodle, M.",0.0,0.0,0.0,0.0,0.0,0.0,0.0,0.0,0.0,0.0,0.0,0.0,1058.0
"McTackle, R.",0.0,0.0,0.0,0.0,0.0,0.0,0.0,0.0,0.0,0.0,0.0,0.0,1058.0
"Mango, T.",0.0,0.0,0.0,0.0,0.0,0.0,0.0,0.0,0.0,0.0,0.0,0.0,1058.0
"Magic, M.",0.0,0.0,0.0,0.0,0.0,0.0,0.0,0.0,0.0,0.0,0.0,0.0,1058.0
"Mendoza, C.",0.0,0.0,0.0,0.0,0.0,0.0,0.0,0.0,0.0,0.0,0.0,0.0,1058.0
"Mack, M.",0.0,0.0,0.0,0.0,0.0,0.0,0.0,0.0,0.0,0.0,0.0,0.0,1058.0
"LaFleur, F.",0.0,0.0,0.0,0.0,0.0,0.0,0.0,0.0,0.0,0.0,0.0,0.0,1058.0
"A'Ton, L.",0.0,0.0,0.0,0.0,0.0,0.0,0.0,0.0,0.0,0.0,0.0,0.0,1058.0
"Lanier, B.",0.0,0.0,0.0,0.0,0.0,0.0,0.0,0.0,0.0,0.0,0.0,0.0,1058.0
"Larsendorf, R.",0.0,0.0,0.0,0.0,0.0,0.0,0.0,0.0,0.0,0.0,0.0,0.0,1058.0
"Lattimore, J.",0.0,0.0,0.0,0.0,0.0,0.0,0.0,0.0,0.0,0.0,0.0,0.0,1058.0
"Lavigne, D.",0.0,0.0,0.0,0.0,0.0,0.0,0.0,0.0,0.0,0.0,0.0,0.0,1058.0
"Lazer-Eyes, G.",0.0,0.0,0.0,0.0,0.0,0.0,0.0,0.0,0.0,0.0,0.0,0.0,1058.0
"LeFevre, R.",0.0,0.0,0.0,0.0,0.0,0.0,0.0,0.0,0.0,0.0,0.0,0.0,1058.0
"Leafer, S.",0.0,0.0,0.0,0.0,0.0,0.0,0.0,0.0,0.0,0.0,0.0,0.0,1058.0
"Lee, B.",0.0,0.0,0.0,0.0,0.0,0.0,0.0,0.0,0.0,0.0,0.0,0.0,1058.0
"Lillico, J.",0.0,0.0,0.0,0.0,0.0,0.0,0.0,0.0,0.0,0.0,0.0,0.0,1058.0
"Lockkeu, V.",0.0,0.0,0.0,0.0,0.0,0.0,0.0,0.0,0.0,0.0,0.0,0.0,1058.0
"Longshaw, B.",0.0,0.0,0.0,0.0,0.0,0.0,0.0,0.0,0.0,0.0,0.0,0.0,1058.0
"Lovote, M.",0.0,0.0,0.0,0.0,0.0,0.0,0.0,0.0,0.0,0.0,0.0,0.0,1058.0
"Luechly, L.",0.0,0.0,0.0,0.0,0.0,0.0,0.0,0.0,0.0,0.0,0.0,0.0,1058.0
"MacAndrew, H.",0.0,0.0,0.0,0.0,0.0,0.0,0.0,0.0,0.0,0.0,0.0,0.0,1058.0
"MacManus, C.",0.0,0.0,0.0,0.0,0.0,0.0,0.0,0.0,0.0,0.0,0.0,0.0,1058.0
"Medved, E.",0.0,0.0,0.0,0.0,0.0,0.0,0.0,0.0,0.0,0.0,0.0,0.0,1058.0
"Metas, B.",0.0,0.0,0.0,0.0,0.0,0.0,0.0,0.0,0.0,0.0,0.0,0.0,1058.0
"Kuusela, G.",0.0,0.0,0.0,0.0,0.0,0.0,0.0,0.0,0.0,0.0,0.0,0.0,1058.0
"Oaks, J.",0.0,0.0,0.0,0.0,0.0,0.0,0.0,0.0,0.0,0.0,0.0,0.0,1058.0
"Ocewilder, S.",0.0,0.0,0.0,0.0,0.0,0.0,0.0,0.0,0.0,0.0,0.0,0.0,1058.0
"Ofyourlove, S.",0.0,0.0,0.0,0.0,0.0,0.0,0.0,0.0,0.0,0.0,0.0,0.0,1058.0
"Okonkwo, C.",0.0,0.0,0.0,0.0,0.0,0.0,0.0,0.0,0.0,0.0,0.0,0.0,1058.0
"Om, T.",0.0,0.0,0.0,0.0,0.0,0.0,0.0,0.0,0.0,0.0,0.0,0.0,1058.0
"Ones, B.",0.0,0.0,0.0,0.0,0.0,0.0,0.0,0.0,0.0,0.0,0.0,0.0,1058.0
"Otle, C.",0.0,0.0,0.0,0.0,0.0,0.0,0.0,0.0,0.0,0.0,0.0,0.0,1058.0
"Pack, C.",0.0,0.0,0.0,0.0,0.0,0.0,0.0,0.0,0.0,0.0,0.0,0.0,1058.0
"Pak, Y.",0.0,0.0,0.0,0.0,0.0,0.0,0.0,0.0,0.0,0.0,0.0,0.0,1058.0
"Palmer, J.",0.0,0.0,0.0,0.0,0.0,0.0,0.0,0.0,0.0,0.0,0.0,0.0,1058.0
"Pancake, P.",0.0,0.0,0.0,0.0,0.0,0.0,0.0,0.0,0.0,0.0,0.0,0.0,1058.0
"Pancakes, P.",0.0,0.0,0.0,0.0,0.0,0.0,0.0,0.0,0.0,0.0,0.0,0.0,1058.0
"Parker, N.",0.0,0.0,0.0,0.0,0.0,0.0,0.0,0.0,0.0,0.0,0.0,0.0,1058.0
"Pennington, C.",0.0,0.0,0.0,0.0,0.0,0.0,0.0,0.0,0.0,0.0,0.0,0.0,1058.0
"Personsacker, J.",0.0,0.0,0.0,0.0,0.0,0.0,0.0,0.0,0.0,0.0,0.0,0.0,1058.0
"Pest, T.",0.0,0.0,0.0,0.0,0.0,0.0,0.0,0.0,0.0,0.0,0.0,0.0,1058.0
"Peterson, M.",0.0,0.0,0.0,0.0,0.0,0.0,0.0,0.0,0.0,0.0,0.0,0.0,1058.0
"Peterson, T.",0.0,0.0,0.0,0.0,0.0,0.0,0.0,0.0,0.0,0.0,0.0,0.0,1058.0
"Oats, D.",0.0,0.0,0.0,0.0,0.0,0.0,0.0,0.0,0.0,0.0,0.0,0.0,1058.0
"O'Donnell, G.",0.0,0.0,0.0,0.0,0.0,0.0,0.0,0.0,0.0,0.0,0.0,0.0,1058.0
"Methane, D.",0.0,0.0,0.0,0.0,0.0,0.0,0.0,0.0,0.0,0.0,0.0,0.0,1058.0
"Nyquist, W.",0.0,0.0,0.0,0.0,0.0,0.0,0.0,0.0,0.0,0.0,0.0,0.0,1058.0
"Miles, M.",0.0,0.0,0.0,0.0,0.0,0.0,0.0,0.0,0.0,0.0,0.0,0.0,1058.0
"Miller II, C.",0.0,0.0,0.0,0.0,0.0,0.0,0.0,0.0,0.0,0.0,0.0,0.0,1058.0
"Miller, D.",0.0,0.0,0.0,0.0,0.0,0.0,0.0,0.0,0.0,0.0,0.0,0.0,1058.0
"Miller, P.",0.0,0.0,0.0,0.0,0.0,0.0,0.0,0.0,0.0,0.0,0.0,0.0,1058.0
"Money, P.",0.0,0.0,0.0,0.0,0.0,0.0,0.0,0.0,0.0,0.0,0.0,0.0,1058.0
"Montain, A.",0.0,0.0,0.0,0.0,0.0,0.0,0.0,0.0,0.0,0.0,0.0,0.0,1058.0
"Montain, T.",0.0,0.0,0.0,0.0,0.0,0.0,0.0,0.0,0.0,0.0,0.0,0.0,1058.0
"Moreno, V.",0.0,0.0,0.0,0.0,0.0,0.0,0.0,0.0,0.0,0.0,0.0,0.0,1058.0
"Morley, R.",0.0,0.0,0.0,0.0,0.0,0.0,0.0,0.0,0.0,0.0,0.0,0.0,1058.0
"Moss, S.",0.0,0.0,0.0,0.0,0.0,0.0,0.0,0.0,0.0,0.0,0.0,0.0,1058.0
"Murder-Moose, M.",0.0,0.0,0.0,0.0,0.0,0.0,0.0,0.0,0.0,0.0,0.0,0.0,1058.0
"Mushing, M.",0.0,0.0,0.0,0.0,0.0,0.0,0.0,0.0,0.0,0.0,0.0,0.0,1058.0
"Nasher, W.",0.0,0.0,0.0,0.0,0.0,0.0,0.0,0.0,0.0,0.0,0.0,0.0,1058.0
"Newman, X.",0.0,0.0,0.0,0.0,0.0,0.0,0.0,0.0,0.0,0.0,0.0,0.0,1058.0
"Noble Jr., L.",0.0,0.0,0.0,0.0,0.0,0.0,0.0,0.0,0.0,0.0,0.0,0.0,1058.0
"Noble, L.",0.0,0.0,0.0,0.0,0.0,0.0,0.0,0.0,0.0,0.0,0.0,0.0,1058.0
"Nuno, F.",0.0,0.0,0.0,0.0,0.0,0.0,0.0,0.0,0.0,0.0,0.0,0.0,1058.0
"Kwemen, K.",0.0,0.0,0.0,0.0,0.0,0.0,0.0,0.0,0.0,0.0,0.0,0.0,1058.0
"Kroustis, G.",0.0,0.0,0.0,0.0,0.0,0.0,0.0,0.0,0.0,0.0,0.0,0.0,1058.0
"Goodson, N.",0.0,0.0,0.0,0.0,0.0,0.0,0.0,0.0,0.0,0.0,0.0,0.0,1058.0
"Handley, C.",0.0,0.0,0.0,0.0,0.0,0.0,0.0,0.0,0.0,0.0,0.0,0.0,1058.0
"Harding, J.",0.0,0.0,0.0,0.0,0.0,0.0,0.0,0.0,0.0,0.0,0.0,0.0,1058.0
"Hardshaft, R.",0.0,0.0,0.0,0.0,0.0,0.0,0.0,0.0,0.0,0.0,0.0,0.0,1058.0
"Hargrove, M.",0.0,0.0,0.0,0.0,0.0,0.0,0.0,0.0,0.0,0.0,0.0,0.0,1058.0
"Harris, B.",0.0,0.0,0.0,0.0,0.0,0.0,0.0,0.0,0.0,0.0,0.0,0.0,1058.0
"Harris, C.",0.0,0.0,0.0,0.0,0.0,0.0,0.0,0.0,0.0,0.0,0.0,0.0,1058.0
"Harris, F.",0.0,0.0,0.0,0.0,0.0,0.0,0.0,0.0,0.0,0.0,0.0,0.0,1058.0
"Harris, J.",0.0,0.0,0.0,0.0,0.0,0.0,0.0,0.0,0.0,0.0,0.0,0.0,1058.0
"Harrison, G.",0.0,0.0,0.0,0.0,0.0,0.0,0.0,0.0,0.0,0.0,0.0,0.0,1058.0
"Harrison, H.",0.0,0.0,0.0,0.0,0.0,0.0,0.0,0.0,0.0,0.0,0.0,0.0,1058.0
"Hayes, R.",0.0,0.0,0.0,0.0,0.0,0.0,0.0,0.0,0.0,0.0,0.0,0.0,1058.0
"Hayes, V.",0.0,0.0,0.0,0.0,0.0,0.0,0.0,0.0,0.0,0.0,0.0,0.0,1058.0
"Haywood, H.",0.0,0.0,0.0,0.0,0.0,0.0,0.0,0.0,0.0,0.0,0.0,0.0,1058.0
"Heights, A.",0.0,0.0,0.0,0.0,0.0,0.0,0.0,0.0,0.0,0.0,0.0,0.0,1058.0
"Hellzapoppin, J.",0.0,0.0,0.0,0.0,0.0,0.0,0.0,0.0,0.0,0.0,0.0,0.0,1058.0
"Hendrix, M.",0.0,0.0,0.0,0.0,0.0,0.0,0.0,0.0,0.0,0.0,0.0,0.0,1058.0
"Henry, J.",0.0,0.0,0.0,0.0,0.0,0.0,0.0,0.0,0.0,0.0,0.0,0.0,1058.0
"Hex, T.",0.0,0.0,0.0,0.0,0.0,0.0,0.0,0.0,0.0,0.0,0.0,0.0,1058.0
"Hansen, E.",0.0,0.0,0.0,0.0,0.0,0.0,0.0,0.0,0.0,0.0,0.0,0.0,1058.0
"Hand Bot, Z.",0.0,0.0,0.0,0.0,0.0,0.0,0.0,0.0,0.0,0.0,0.0,0.0,1058.0
"Hobbs, J.",0.0,0.0,0.0,0.0,0.0,0.0,0.0,0.0,0.0,0.0,0.0,0.0,1058.0
"Hampshireton, R.",0.0,0.0,0.0,0.0,0.0,0.0,0.0,0.0,0.0,0.0,0.0,0.0,1058.0
"Goomba, M.",0.0,0.0,0.0,0.0,0.0,0.0,0.0,0.0,0.0,0.0,0.0,0.0,1058.0
"Goose, J.",0.0,0.0,0.0,0.0,0.0,0.0,0.0,0.0,0.0,0.0,0.0,0.0,1058.0
"Gott, J.",0.0,0.0,0.0,0.0,0.0,0.0,0.0,0.0,0.0,0.0,0.0,0.0,1058.0
"Graham, G.",0.0,0.0,0.0,0.0,0.0,0.0,0.0,0.0,0.0,0.0,0.0,0.0,1058.0
"Grant, T.",0.0,0.0,0.0,0.0,0.0,0.0,0.0,0.0,0.0,0.0,0.0,0.0,1058.0
"Green, B.",0.0,0.0,0.0,0.0,0.0,0.0,0.0,0.0,0.0,0.0,0.0,0.0,1058.0
"Green, J.",0.0,0.0,0.0,0.0,0.0,0.0,0.0,0.0,0.0,0.0,0.0,0.0,1058.0
"Grey, S.",0.0,0.0,0.0,0.0,0.0,0.0,0.0,0.0,0.0,0.0,0.0,0.0,1058.0
"Griddle, M.",0.0,0.0,0.0,0.0,0.0,0.0,0.0,0.0,0.0,0.0,0.0,0.0,1058.0
"Grievous, L.",0.0,0.0,0.0,0.0,0.0,0.0,0.0,0.0,0.0,0.0,0.0,0.0,1058.0
"Griffin, T.",0.0,0.0,0.0,0.0,0.0,0.0,0.0,0.0,0.0,0.0,0.0,0.0,1058.0
"Gronlie, T.",0.0,0.0,0.0,0.0,0.0,0.0,0.0,0.0,0.0,0.0,0.0,0.0,1058.0
"Guard, L.",0.0,0.0,0.0,0.0,0.0,0.0,0.0,0.0,0.0,0.0,0.0,0.0,1058.0
"Guard, R.",0.0,0.0,0.0,0.0,0.0,0.0,0.0,0.0,0.0,0.0,0.0,0.0,1058.0
"Gustavsson, E.",0.0,0.0,0.0,0.0,0.0,0.0,0.0,0.0,0.0,0.0,0.0,0.0,1058.0
"Haden, J.",0.0,0.0,0.0,0.0,0.0,0.0,0.0,0.0,0.0,0.0,0.0,0.0,1058.0
"Hall, Z.",0.0,0.0,0.0,0.0,0.0,0.0,0.0,0.0,0.0,0.0,0.0,0.0,1058.0
"Hexagon, L.",0.0,0.0,0.0,0.0,0.0,0.0,0.0,0.0,0.0,0.0,0.0,0.0,1058.0
"Hole, M.",0.0,0.0,0.0,0.0,0.0,0.0,0.0,0.0,0.0,0.0,0.0,0.0,1058.0
"Krause, M.",0.0,0.0,0.0,0.0,0.0,0.0,0.0,0.0,0.0,0.0,0.0,0.0,1058.0
"Johnson, R.",0.0,0.0,0.0,0.0,0.0,0.0,0.0,0.0,0.0,0.0,0.0,0.0,1058.0
"Jones, S.",0.0,0.0,0.0,0.0,0.0,0.0,0.0,0.0,0.0,0.0,0.0,0.0,1058.0
"Jordan, R.",0.0,0.0,0.0,0.0,0.0,0.0,0.0,0.0,0.0,0.0,0.0,0.0,1058.0
"Joshua, C.",0.0,0.0,0.0,0.0,0.0,0.0,0.0,0.0,0.0,0.0,0.0,0.0,1058.0
"JugsMachine3, Z.",0.0,0.0,0.0,0.0,0.0,0.0,0.0,0.0,0.0,0.0,0.0,0.0,1058.0
"Ka'ana'ana, B.",0.0,0.0,0.0,0.0,0.0,0.0,0.0,0.0,0.0,0.0,0.0,0.0,1058.0
"Kalilmoku, I.",0.0,0.0,0.0,0.0,0.0,0.0,0.0,0.0,0.0,0.0,0.0,0.0,1058.0
"Kamaka, E.",0.0,0.0,0.0,0.0,0.0,0.0,0.0,0.0,0.0,0.0,0.0,0.0,1058.0
"Kane III, T.",0.0,0.0,0.0,0.0,0.0,0.0,0.0,0.0,0.0,0.0,0.0,0.0,1058.0
"Karpaasi, M.",0.0,0.0,0.0,0.0,0.0,0.0,0.0,0.0,0.0,0.0,0.0,0.0,1058.0
"Kassel, T.",0.0,0.0,0.0,0.0,0.0,0.0,0.0,0.0,0.0,0.0,0.0,0.0,1058.0
"Kearse, J.",0.0,0.0,0.0,0.0,0.0,0.0,0.0,0.0,0.0,0.0,0.0,0.0,1058.0
"Keiki-Kane, M.",0.0,0.0,0.0,0.0,0.0,0.0,0.0,0.0,0.0,0.0,0.0,0.0,1058.0
"Keiki-Kne, M.",0.0,0.0,0.0,0.0,0.0,0.0,0.0,0.0,0.0,0.0,0.0,0.0,1058.0
"Kindle, H.",0.0,0.0,0.0,0.0,0.0,0.0,0.0,0.0,0.0,0.0,0.0,0.0,1058.0
"King, G.",0.0,0.0,0.0,0.0,0.0,0.0,0.0,0.0,0.0,0.0,0.0,0.0,1058.0
"Knuckles, U.",0.0,0.0,0.0,0.0,0.0,0.0,0.0,0.0,0.0,0.0,0.0,0.0,1058.0
"Koniecpolski, S.",0.0,0.0,0.0,0.0,0.0,0.0,0.0,0.0,0.0,0.0,0.0,0.0,1058.0
"Jones, D.",0.0,0.0,0.0,0.0,0.0,0.0,0.0,0.0,0.0,0.0,0.0,0.0,1058.0
"Johns, A.",0.0,0.0,0.0,0.0,0.0,0.0,0.0,0.0,0.0,0.0,0.0,0.0,1058.0
"Horne, B.",0.0,0.0,0.0,0.0,0.0,0.0,0.0,0.0,0.0,0.0,0.0,0.0,1058.0
"Joestar, J.",0.0,0.0,0.0,0.0,0.0,0.0,0.0,0.0,0.0,0.0,0.0,0.0,1058.0
"Howitzer, S.",0.0,0.0,0.0,0.0,0.0,0.0,0.0,0.0,0.0,0.0,0.0,0.0,1058.0
"Humuhumunukunukuapua'a, T.",0.0,0.0,0.0,0.0,0.0,0.0,0.0,0.0,0.0,0.0,0.0,0.0,1058.0
"ILove, G.",0.0,0.0,0.0,0.0,0.0,0.0,0.0,0.0,0.0,0.0,0.0,0.0,1058.0
"Idlewyld, K.",0.0,0.0,0.0,0.0,0.0,0.0,0.0,0.0,0.0,0.0,0.0,0.0,1058.0
"Iridian, G.",0.0,0.0,0.0,0.0,0.0,0.0,0.0,0.0,0.0,0.0,0.0,0.0,1058.0
"Ironside, B.",0.0,0.0,0.0,0.0,0.0,0.0,0.0,0.0,0.0,0.0,0.0,0.0,1058.0
"Isbest, C.",0.0,0.0,0.0,0.0,0.0,0.0,0.0,0.0,0.0,0.0,0.0,0.0,1058.0
"Ishigawa, H.",0.0,0.0,0.0,0.0,0.0,0.0,0.0,0.0,0.0,0.0,0.0,0.0,1058.0
"Jack, "".",0.0,0.0,0.0,0.0,0.0,0.0,0.0,0.0,0.0,0.0,0.0,0.0,1058.0
"Jack, H.",0.0,0.0,0.0,0.0,0.0,0.0,0.0,0.0,0.0,0.0,0.0,0.0,1058.0
"Jack, M.",0.0,0.0,0.0,0.0,0.0,0.0,0.0,0.0,0.0,0.0,0.0,0.0,1058.0
"Jackson, R.",0.0,0.0,0.0,0.0,0.0,0.0,0.0,0.0,0.0,0.0,0.0,0.0,1058.0
"Jahelpme, H.",0.0,0.0,0.0,0.0,0.0,0.0,0.0,0.0,0.0,0.0,0.0,0.0,1058.0
"Jeffrey, T.",0.0,0.0,0.0,0.0,0.0,0.0,0.0,0.0,0.0,0.0,0.0,0.0,1058.0
"Jensen, R.",0.0,0.0,0.0,0.0,0.0,0.0,0.0,0.0,0.0,0.0,0.0,0.0,1058.0
"Jeremy, R.",0.0,0.0,0.0,0.0,0.0,0.0,0.0,0.0,0.0,0.0,0.0,0.0,1058.0
"Jimbo Jr., D.",0.0,0.0,0.0,0.0,0.0,0.0,0.0,0.0,0.0,0.0,0.0,0.0,1058.0
"Lamoreux, F.",0.0,0.0,0.0,0.0,0.0,0.0,0.0,0.0,0.0,0.0,0.0,0.0,1058.0
